[186月2026 11:06:57.491] [main/INFO] [cpw.mods.modlauncher.Launcher/MODLAUNCHER]: ModLauncher running: args [--launchTarget, forgeclientuserdev, --version, MOD_DEV, --assetIndex, 5, --assetsDir, C:\Users\w\.gradle\caches\forge_gradle\assets, --gameDir, ., --fml.forgeVersion, 47.4.20, --fml.mcVersion, 1.20.1, --fml.forgeGroup, net.minecraftforge, --fml.mcpVersion, 20230612.114412, --mixin.config, cnpc_xwm_addon.mixins.json]
[186月2026 11:06:57.539] [main/INFO] [cpw.mods.modlauncher.Launcher/MODLAUNCHER]: ModLauncher 10.0.9+10.0.9+main.dcd20f30 starting: java version 17.0.19 by Microsoft; OS Windows 11 arch amd64 version 10.0
[186月2026 11:06:57.600] [main/DEBUG] [cpw.mods.modlauncher.LaunchServiceHandler/MODLAUNCHER]: Found launch services [fmlclientdev,forgeclient,minecraft,forgegametestserverdev,fmlserveruserdev,fmlclient,fmldatauserdev,forgeserverdev,forgeserveruserdev,forgeclientdev,forgeclientuserdev,forgeserver,forgedatadev,fmlserver,fmlclientuserdev,fmlserverdev,forgedatauserdev,testharness,forgegametestserveruserdev]
[186月2026 11:06:57.616] [main/DEBUG] [cpw.mods.modlauncher.NameMappingServiceHandler/MODLAUNCHER]: Found naming services : [srgtomcp]
[186月2026 11:06:57.636] [main/DEBUG] [cpw.mods.modlauncher.LaunchPluginHandler/MODLAUNCHER]: Found launch plugins: [mixin,eventbus,slf4jfixer,object_holder_definalize,runtime_enum_extender,capability_token_subclass,accesstransformer,runtimedistcleaner]
[186月2026 11:06:57.643] [main/DEBUG] [cpw.mods.modlauncher.TransformationServicesHandler/MODLAUNCHER]: Discovering transformation services
[186月2026 11:06:57.649] [main/DEBUG] [net.minecraftforge.fml.loading.FMLPaths/CORE]: Path GAMEDIR is F:\idea\develops\CNPC-XWM-addon\run
[186月2026 11:06:57.649] [main/DEBUG] [net.minecraftforge.fml.loading.FMLPaths/CORE]: Path MODSDIR is F:\idea\develops\CNPC-XWM-addon\run\mods
[186月2026 11:06:57.649] [main/DEBUG] [net.minecraftforge.fml.loading.FMLPaths/CORE]: Path CONFIGDIR is F:\idea\develops\CNPC-XWM-addon\run\config
[186月2026 11:06:57.649] [main/DEBUG] [net.minecraftforge.fml.loading.FMLPaths/CORE]: Path FMLCONFIG is F:\idea\develops\CNPC-XWM-addon\run\config\fml.toml
[186月2026 11:06:57.684] [main/DEBUG] [cpw.mods.modlauncher.TransformationServicesHandler/MODLAUNCHER]: Found additional transformation services from discovery services: 
[186月2026 11:06:57.690] [main/INFO] [net.minecraftforge.fml.loading.ImmediateWindowHandler/]: Loading ImmediateWindowProvider fmlearlywindow
[186月2026 11:06:57.770] [main/INFO] [EARLYDISPLAY/]: Trying GL version 4.6
[186月2026 11:06:57.994] [main/INFO] [EARLYDISPLAY/]: Requested GL version 4.6 got version 4.6
[186月2026 11:06:58.041] [main/DEBUG] [cpw.mods.modlauncher.TransformationServicesHandler/MODLAUNCHER]: Found transformer services : [mixin,fml]
[186月2026 11:06:58.041] [main/DEBUG] [cpw.mods.modlauncher.TransformationServicesHandler/MODLAUNCHER]: Transformation services loading
[186月2026 11:06:58.041] [main/DEBUG] [cpw.mods.modlauncher.TransformationServiceDecorator/MODLAUNCHER]: Loading service mixin
[186月2026 11:06:58.042] [main/DEBUG] [cpw.mods.modlauncher.TransformationServiceDecorator/MODLAUNCHER]: Loaded service mixin
[186月2026 11:06:58.042] [main/DEBUG] [cpw.mods.modlauncher.TransformationServiceDecorator/MODLAUNCHER]: Loading service fml
[186月2026 11:06:58.043] [main/DEBUG] [net.minecraftforge.fml.loading.LauncherVersion/CORE]: Found FMLLauncher version 1.0
[186月2026 11:06:58.043] [main/DEBUG] [net.minecraftforge.fml.loading.FMLLoader/CORE]: FML 1.0 loading
[186月2026 11:06:58.043] [main/DEBUG] [net.minecraftforge.fml.loading.FMLLoader/CORE]: FML found ModLauncher version : 10.0.9+10.0.9+main.dcd20f30
[186月2026 11:06:58.043] [main/DEBUG] [net.minecraftforge.fml.loading.FMLLoader/CORE]: Requesting CoreMods to not apply the fix for ASMAPI.findFirstInstructionBefore by default
[186月2026 11:06:58.043] [main/DEBUG] [net.minecraftforge.fml.loading.FMLLoader/CORE]: FML found AccessTransformer version : 8.0.4+66+master.c09db6d7
[186月2026 11:06:58.045] [main/DEBUG] [net.minecraftforge.fml.loading.FMLLoader/CORE]: FML found EventBus version : 6.2.33
[186月2026 11:06:58.046] [main/DEBUG] [net.minecraftforge.fml.loading.FMLLoader/CORE]: Found Runtime Dist Cleaner
[186月2026 11:06:58.047] [main/DEBUG] [net.minecraftforge.coremod.CoreModEngine/]: CoreMods will preserve legacy behavior of ASMAPI.findFirstInstructionBefore for backwards-compatibility
[186月2026 11:06:58.047] [main/DEBUG] [net.minecraftforge.fml.loading.FMLLoader/CORE]: FML found CoreMod version : 5.2.4
[186月2026 11:06:58.047] [main/DEBUG] [net.minecraftforge.fml.loading.FMLLoader/CORE]: Found ForgeSPI package implementation version 7.0.1+7.0.1+master.d2b38bf6
[186月2026 11:06:58.048] [main/DEBUG] [net.minecraftforge.fml.loading.FMLLoader/CORE]: Found ForgeSPI package specification 5
[186月2026 11:06:58.048] [main/DEBUG] [cpw.mods.modlauncher.TransformationServiceDecorator/MODLAUNCHER]: Loaded service fml
[186月2026 11:06:58.049] [main/DEBUG] [cpw.mods.modlauncher.TransformationServicesHandler/MODLAUNCHER]: Configuring option handling for services
[186月2026 11:06:58.052] [main/DEBUG] [cpw.mods.modlauncher.TransformationServicesHandler/MODLAUNCHER]: Transformation services initializing
[186月2026 11:06:58.053] [main/DEBUG] [cpw.mods.modlauncher.TransformationServiceDecorator/MODLAUNCHER]: Initializing transformation service mixin
[186月2026 11:06:58.065] [main/DEBUG] [mixin/]: MixinService [ModLauncher] was successfully booted in cpw.mods.cl.ModuleClassLoader@29626d54
[186月2026 11:06:58.077] [main/INFO] [mixin/]: SpongePowered MIXIN Subsystem Version=0.8.5 Source=union:/C:/Users/w/.gradle/caches/modules-2/files-2.1/org.spongepowered/mixin/0.8.5/9d1c0c3a304ae6697ecd477218fa61b850bf57fc/mixin-0.8.5.jar%23128!/ Service=ModLauncher Env=CLIENT
[186月2026 11:06:58.080] [main/DEBUG] [mixin/]: Initialising Mixin Platform Manager
[186月2026 11:06:58.081] [main/DEBUG] [mixin/]: Adding mixin platform agents for container ModLauncher Root Container(ModLauncher:4f56a0a2)
[186月2026 11:06:58.082] [main/DEBUG] [mixin/]: Instancing new MixinPlatformAgentMinecraftForge for ModLauncher Root Container(ModLauncher:4f56a0a2)
[186月2026 11:06:58.083] [main/DEBUG] [mixin/]: MixinPlatformAgentMinecraftForge rejected container ModLauncher Root Container(ModLauncher:4f56a0a2)
[186月2026 11:06:58.083] [main/DEBUG] [mixin/]: Instancing new MixinPlatformAgentDefault for ModLauncher Root Container(ModLauncher:4f56a0a2)
[186月2026 11:06:58.083] [main/DEBUG] [mixin/]: MixinPlatformAgentDefault accepted container ModLauncher Root Container(ModLauncher:4f56a0a2)
[186月2026 11:06:58.087] [main/DEBUG] [cpw.mods.modlauncher.TransformationServiceDecorator/MODLAUNCHER]: Initialized transformation service mixin
[186月2026 11:06:58.087] [main/DEBUG] [cpw.mods.modlauncher.TransformationServiceDecorator/MODLAUNCHER]: Initializing transformation service fml
[186月2026 11:06:58.088] [main/DEBUG] [net.minecraftforge.fml.loading.FMLServiceProvider/CORE]: Setting up basic FML game directories
[186月2026 11:06:58.088] [main/DEBUG] [net.minecraftforge.fml.loading.FMLPaths/CORE]: Path GAMEDIR is F:\idea\develops\CNPC-XWM-addon\run
[186月2026 11:06:58.088] [main/DEBUG] [net.minecraftforge.fml.loading.FMLPaths/CORE]: Path MODSDIR is F:\idea\develops\CNPC-XWM-addon\run\mods
[186月2026 11:06:58.088] [main/DEBUG] [net.minecraftforge.fml.loading.FMLPaths/CORE]: Path CONFIGDIR is F:\idea\develops\CNPC-XWM-addon\run\config
[186月2026 11:06:58.089] [main/DEBUG] [net.minecraftforge.fml.loading.FMLPaths/CORE]: Path FMLCONFIG is F:\idea\develops\CNPC-XWM-addon\run\config\fml.toml
[186月2026 11:06:58.089] [main/DEBUG] [net.minecraftforge.fml.loading.FMLServiceProvider/CORE]: Loading configuration
[186月2026 11:06:58.091] [main/DEBUG] [net.minecraftforge.fml.loading.FMLServiceProvider/CORE]: Preparing ModFile
[186月2026 11:06:58.093] [main/DEBUG] [net.minecraftforge.fml.loading.FMLServiceProvider/CORE]: Preparing launch handler
[186月2026 11:06:58.093] [main/DEBUG] [net.minecraftforge.fml.loading.FMLLoader/CORE]: Using forgeclientuserdev as launch service
[186月2026 11:06:58.104] [main/DEBUG] [net.minecraftforge.fml.loading.FMLLoader/CORE]: Received command line version data  : VersionInfo[forgeVersion=47.4.20, mcVersion=1.20.1, mcpVersion=20230612.114412, forgeGroup=net.minecraftforge]
[186月2026 11:06:58.105] [main/DEBUG] [cpw.mods.modlauncher.TransformationServiceDecorator/MODLAUNCHER]: Initialized transformation service fml
[186月2026 11:06:58.105] [main/DEBUG] [cpw.mods.modlauncher.NameMappingServiceHandler/MODLAUNCHER]: Current naming domain is 'mcp'
[186月2026 11:06:58.105] [main/DEBUG] [cpw.mods.modlauncher.NameMappingServiceHandler/MODLAUNCHER]: Identified name mapping providers {srg=srgtomcp:1234}
[186月2026 11:06:58.105] [main/DEBUG] [cpw.mods.modlauncher.TransformationServicesHandler/MODLAUNCHER]: Transformation services begin scanning
[186月2026 11:06:58.106] [main/DEBUG] [cpw.mods.modlauncher.TransformationServiceDecorator/MODLAUNCHER]: Beginning scan trigger - transformation service mixin
[186月2026 11:06:58.106] [main/DEBUG] [cpw.mods.modlauncher.TransformationServiceDecorator/MODLAUNCHER]: End scan trigger - transformation service mixin
[186月2026 11:06:58.106] [main/DEBUG] [cpw.mods.modlauncher.TransformationServiceDecorator/MODLAUNCHER]: Beginning scan trigger - transformation service fml
[186月2026 11:06:58.106] [main/DEBUG] [net.minecraftforge.fml.loading.FMLServiceProvider/CORE]: Initiating mod scan
[186月2026 11:06:58.115] [main/DEBUG] [net.minecraftforge.fml.loading.moddiscovery.ModListHandler/CORE]: Found mod coordinates from lists: []
[186月2026 11:06:58.123] [main/DEBUG] [net.minecraftforge.fml.loading.moddiscovery.ModDiscoverer/CORE]: Found Mod Locators : (mods folder:null),(maven libs:null),(exploded directory:null),(minecraft:null),(userdev classpath:null)
[186月2026 11:06:58.123] [main/DEBUG] [net.minecraftforge.fml.loading.moddiscovery.ModDiscoverer/CORE]: Found Dependency Locators : (JarInJar:null)
[186月2026 11:06:58.130] [pool-2-thread-1/INFO] [EARLYDISPLAY/]: GL info: NVIDIA GeForce RTX 3060 Laptop GPU/PCIe/SSE2 GL version 4.6.0 NVIDIA 596.21, NVIDIA Corporation
[186月2026 11:06:58.132] [main/DEBUG] [net.minecraftforge.fml.loading.targets.CommonLaunchHandler/CORE]: Got mod coordinates cnpc_xwm_addon%%F:/idea/develops/CNPC-XWM-addon\build\resources\main;cnpc_xwm_addon%%F:/idea/develops/CNPC-XWM-addon\build\classes\java\main from env
[186月2026 11:06:58.133] [main/DEBUG] [net.minecraftforge.fml.loading.targets.CommonLaunchHandler/CORE]: Found supplied mod coordinates [{cnpc_xwm_addon=[F:\idea\develops\CNPC-XWM-addon\build\resources\main, F:\idea\develops\CNPC-XWM-addon\build\classes\java\main]}]
[186月2026 11:06:58.419] [main/DEBUG] [net.minecraftforge.fml.loading.moddiscovery.ModFileInfo/LOADING]: Found valid mod file forge-1.20.1-47.4.20_mapped_official_1.20.1-recomp.jar with {minecraft} mods - versions {1.20.1}
[186月2026 11:06:58.432] [main/DEBUG] [net.minecraftforge.fml.loading.moddiscovery.ModFileParser/LOADING]: Considering mod file candidate C:\Users\w\.gradle\caches\modules-2\files-2.1\net.minecraftforge\javafmllanguage\1.20.1-47.4.20\c354b21002937b393c4f86163a98dccdf1d51e72\javafmllanguage-1.20.1-47.4.20.jar
[186月2026 11:06:58.432] [main/WARN] [net.minecraftforge.fml.loading.moddiscovery.ModFileParser/LOADING]: Mod file C:\Users\w\.gradle\caches\modules-2\files-2.1\net.minecraftforge\javafmllanguage\1.20.1-47.4.20\c354b21002937b393c4f86163a98dccdf1d51e72\javafmllanguage-1.20.1-47.4.20.jar is missing mods.toml file
[186月2026 11:06:58.440] [main/DEBUG] [net.minecraftforge.fml.loading.moddiscovery.ModFileParser/LOADING]: Considering mod file candidate C:\Users\w\.gradle\caches\modules-2\files-2.1\net.minecraftforge\lowcodelanguage\1.20.1-47.4.20\865d75f8c18329ddb31db5856701ab86609108b5\lowcodelanguage-1.20.1-47.4.20.jar
[186月2026 11:06:58.441] [main/WARN] [net.minecraftforge.fml.loading.moddiscovery.ModFileParser/LOADING]: Mod file C:\Users\w\.gradle\caches\modules-2\files-2.1\net.minecraftforge\lowcodelanguage\1.20.1-47.4.20\865d75f8c18329ddb31db5856701ab86609108b5\lowcodelanguage-1.20.1-47.4.20.jar is missing mods.toml file
[186月2026 11:06:58.449] [main/DEBUG] [net.minecraftforge.fml.loading.moddiscovery.ModFileParser/LOADING]: Considering mod file candidate C:\Users\w\.gradle\caches\modules-2\files-2.1\net.minecraftforge\mclanguage\1.20.1-47.4.20\af599930362212ae937e392709f49047e6abbbf\mclanguage-1.20.1-47.4.20.jar
[186月2026 11:06:58.449] [main/WARN] [net.minecraftforge.fml.loading.moddiscovery.ModFileParser/LOADING]: Mod file C:\Users\w\.gradle\caches\modules-2\files-2.1\net.minecraftforge\mclanguage\1.20.1-47.4.20\af599930362212ae937e392709f49047e6abbbf\mclanguage-1.20.1-47.4.20.jar is missing mods.toml file
[186月2026 11:06:58.457] [main/DEBUG] [net.minecraftforge.fml.loading.moddiscovery.ModFileParser/LOADING]: Considering mod file candidate C:\Users\w\.gradle\caches\modules-2\files-2.1\net.minecraftforge\fmlcore\1.20.1-47.4.20\e8cc697c69f3911e76caa2f005d9486597cd7448\fmlcore-1.20.1-47.4.20.jar
[186月2026 11:06:58.457] [main/WARN] [net.minecraftforge.fml.loading.moddiscovery.ModFileParser/LOADING]: Mod file C:\Users\w\.gradle\caches\modules-2\files-2.1\net.minecraftforge\fmlcore\1.20.1-47.4.20\e8cc697c69f3911e76caa2f005d9486597cd7448\fmlcore-1.20.1-47.4.20.jar is missing mods.toml file
[186月2026 11:06:58.460] [main/DEBUG] [net.minecraftforge.fml.loading.moddiscovery.ModFileParser/LOADING]: Considering mod file candidate F:\idea\develops\CNPC-XWM-addon\build\resources\main
[186月2026 11:06:58.469] [main/DEBUG] [net.minecraftforge.fml.loading.moddiscovery.ModFileInfo/LOADING]: Found valid mod file main with {cnpc_xwm_addon} mods - versions {1.0-SNAPSHOT}
[186月2026 11:06:58.470] [main/DEBUG] [net.minecraftforge.fml.loading.moddiscovery.ModFileParser/LOADING]: Considering mod file candidate /
[186月2026 11:06:58.472] [main/DEBUG] [net.minecraftforge.fml.loading.moddiscovery.ModFileInfo/LOADING]: Found valid mod file  with {forge} mods - versions {47.4.20}
[186月2026 11:06:58.493] [main/DEBUG] [net.minecraftforge.fml.loading.moddiscovery.ModFileParser/LOADING]: Considering mod file candidate C:\Users\w\.gradle\caches\forge_gradle\deobf_dependencies\libs\CustomNPCs-1.20.1-1.20.1.20260227\0_mapped_official_1.20.1\CustomNPCs-1.20.1-1.20.1.20260227-0_mapped_official_1.20.1.jar
[186月2026 11:06:58.497] [main/DEBUG] [net.minecraftforge.fml.loading.moddiscovery.ModFileInfo/LOADING]: Found valid mod file CustomNPCs-1.20.1-1.20.1.20260227-0_mapped_official_1.20.1.jar with {customnpcs} mods - versions {1.20.1.20260227}
[186月2026 11:06:58.506] [main/DEBUG] [net.minecraftforge.fml.loading.moddiscovery.ModFileParser/LOADING]: Considering mod file candidate C:\Users\w\.gradle\caches\forge_gradle\deobf_dependencies\libs\xaerominimap-forge-1.20.1-26.1.0\0_mapped_official_1.20.1\xaerominimap-forge-1.20.1-26.1.0-0_mapped_official_1.20.1.jar
[186月2026 11:06:58.507] [main/DEBUG] [net.minecraftforge.fml.loading.moddiscovery.ModFileInfo/LOADING]: Found valid mod file xaerominimap-forge-1.20.1-26.1.0-0_mapped_official_1.20.1.jar with {xaerominimap} mods - versions {26.1.0}
[186月2026 11:06:58.516] [main/DEBUG] [net.minecraftforge.fml.loading.moddiscovery.ModFileParser/LOADING]: Considering mod file candidate C:\Users\w\.gradle\caches\forge_gradle\deobf_dependencies\libs\CustomNPCs-1.20.1-1.20.1.20260227\0_mapped_official_1.20.1\CustomNPCs-1.20.1-1.20.1.20260227-0_mapped_official_1.20.1.jar
[186月2026 11:06:58.516] [main/DEBUG] [net.minecraftforge.fml.loading.moddiscovery.ModFileInfo/LOADING]: Found valid mod file CustomNPCs-1.20.1-1.20.1.20260227-0_mapped_official_1.20.1.jar with {customnpcs} mods - versions {1.20.1.20260227}
[186月2026 11:06:58.524] [main/DEBUG] [net.minecraftforge.fml.loading.moddiscovery.ModFileParser/LOADING]: Considering mod file candidate C:\Users\w\.gradle\caches\forge_gradle\deobf_dependencies\libs\xaerominimap-forge-1.20.1-26.1.0\0_mapped_official_1.20.1\xaerominimap-forge-1.20.1-26.1.0-0_mapped_official_1.20.1.jar
[186月2026 11:06:58.525] [main/DEBUG] [net.minecraftforge.fml.loading.moddiscovery.ModFileInfo/LOADING]: Found valid mod file xaerominimap-forge-1.20.1-26.1.0-0_mapped_official_1.20.1.jar with {xaerominimap} mods - versions {26.1.0}
[186月2026 11:06:58.532] [main/DEBUG] [net.minecraftforge.fml.loading.UniqueModListBuilder/]: Found 2 mods for first modid customnpcs, selecting most recent based on version data
[186月2026 11:06:58.533] [main/DEBUG] [net.minecraftforge.fml.loading.UniqueModListBuilder/]: Selected file CustomNPCs-1.20.1-1.20.1.20260227-0_mapped_official_1.20.1.jar for modid customnpcs with version 1.20.1.20260227
[186月2026 11:06:58.533] [main/DEBUG] [net.minecraftforge.fml.loading.UniqueModListBuilder/]: Found 2 mods for first modid xaerominimap, selecting most recent based on version data
[186月2026 11:06:58.533] [main/DEBUG] [net.minecraftforge.fml.loading.UniqueModListBuilder/]: Selected file xaerominimap-forge-1.20.1-26.1.0-0_mapped_official_1.20.1.jar for modid xaerominimap with version 26.1.0
[186月2026 11:06:58.538] [main/DEBUG] [net.minecraftforge.fml.loading.moddiscovery.AbstractJarFileDependencyLocator/]: Failed to load resource META-INF\jarjar\metadata.json from forge-1.20.1-47.4.20_mapped_official_1.20.1-recomp.jar, it does not contain dependency information.
[186月2026 11:06:58.538] [main/DEBUG] [net.minecraftforge.fml.loading.moddiscovery.AbstractJarFileDependencyLocator/]: Failed to load resource META-INF\jarjar\metadata.json from CustomNPCs-1.20.1-1.20.1.20260227-0_mapped_official_1.20.1.jar, it does not contain dependency information.
[186月2026 11:06:58.538] [main/DEBUG] [net.minecraftforge.fml.loading.moddiscovery.AbstractJarFileDependencyLocator/]: Failed to load resource META-INF\jarjar\metadata.json from , it does not contain dependency information.
[186月2026 11:06:58.539] [main/DEBUG] [net.minecraftforge.fml.loading.moddiscovery.AbstractJarFileDependencyLocator/]: Failed to load resource META-INF\jarjar\metadata.json from main, it does not contain dependency information.
[186月2026 11:06:58.539] [main/DEBUG] [net.minecraftforge.fml.loading.moddiscovery.AbstractJarFileDependencyLocator/]: Failed to load resource META-INF\jarjar\metadata.json from mclanguage-1.20.1-47.4.20.jar, it does not contain dependency information.
[186月2026 11:06:58.539] [main/DEBUG] [net.minecraftforge.fml.loading.moddiscovery.AbstractJarFileDependencyLocator/]: Failed to load resource META-INF\jarjar\metadata.json from javafmllanguage-1.20.1-47.4.20.jar, it does not contain dependency information.
[186月2026 11:06:58.539] [main/DEBUG] [net.minecraftforge.fml.loading.moddiscovery.AbstractJarFileDependencyLocator/]: Failed to load resource META-INF\jarjar\metadata.json from fmlcore-1.20.1-47.4.20.jar, it does not contain dependency information.
[186月2026 11:06:58.539] [main/DEBUG] [net.minecraftforge.fml.loading.moddiscovery.AbstractJarFileDependencyLocator/]: Failed to load resource META-INF\jarjar\metadata.json from lowcodelanguage-1.20.1-47.4.20.jar, it does not contain dependency information.
[186月2026 11:06:58.603] [main/DEBUG] [net.minecraftforge.fml.loading.moddiscovery.ModFileParser/LOADING]: Considering mod file candidate 
[186月2026 11:06:58.604] [main/DEBUG] [net.minecraftforge.fml.loading.moddiscovery.ModFileInfo/LOADING]: Found valid mod file xaerolib-forge-1.20.1-1.1.15.jar with {xaerolib} mods - versions {1.1.15}
[186月2026 11:06:58.604] [main/DEBUG] [net.minecraftforge.fml.loading.moddiscovery.AbstractJarFileDependencyLocator/]: Failed to load resource META-INF\jarjar\metadata.json from xaerolib-forge-1.20.1-1.1.15.jar, it does not contain dependency information.
[186月2026 11:06:58.629] [main/DEBUG] [net.minecraftforge.fml.loading.moddiscovery.ModFileParser/LOADING]: Considering mod file candidate 
[186月2026 11:06:58.631] [main/DEBUG] [net.minecraftforge.fml.loading.moddiscovery.ModFileInfo/LOADING]: Found valid mod file xaerolib-forge-1.20.1-1.1.15.jar with {xaerolib} mods - versions {1.1.15}
[186月2026 11:06:58.636] [main/INFO] [net.minecraftforge.fml.loading.moddiscovery.JarInJarDependencyLocator/]: Found 1 dependencies adding them to mods collection
[186月2026 11:06:58.637] [main/DEBUG] [net.minecraftforge.fml.loading.moddiscovery.ModFileInfo/LOADING]: Found valid mod file forge-1.20.1-47.4.20_mapped_official_1.20.1-recomp.jar with {minecraft} mods - versions {1.20.1}
[186月2026 11:06:58.640] [main/DEBUG] [net.minecraftforge.fml.loading.moddiscovery.ModFile/LOADING]: Loading mod file C:\Users\w\.gradle\caches\forge_gradle\minecraft_user_repo\net\minecraftforge\forge\1.20.1-47.4.20_mapped_official_1.20.1\forge-1.20.1-47.4.20_mapped_official_1.20.1-recomp.jar with languages [LanguageSpec[languageName=minecraft, acceptedVersions=1]]
[186月2026 11:06:58.641] [main/DEBUG] [net.minecraftforge.fml.loading.moddiscovery.ModFileParser/LOADING]: Considering mod file candidate 
[186月2026 11:06:58.642] [main/DEBUG] [net.minecraftforge.fml.loading.moddiscovery.ModFileInfo/LOADING]: Found valid mod file xaerolib-forge-1.20.1-1.1.15.jar with {xaerolib} mods - versions {1.1.15}
[186月2026 11:06:58.642] [main/DEBUG] [net.minecraftforge.fml.loading.moddiscovery.ModFile/LOADING]: Loading mod file  with languages [LanguageSpec[languageName=javafml, acceptedVersions=[46,48)]]
[186月2026 11:06:58.642] [main/DEBUG] [net.minecraftforge.fml.loading.moddiscovery.ModFileParser/LOADING]: Considering mod file candidate /
[186月2026 11:06:58.643] [main/DEBUG] [net.minecraftforge.fml.loading.moddiscovery.ModFileInfo/LOADING]: Found valid mod file  with {forge} mods - versions {47.4.20}
[186月2026 11:06:58.643] [main/DEBUG] [net.minecraftforge.fml.loading.moddiscovery.ModFile/LOADING]: Loading mod file / with languages [LanguageSpec[languageName=javafml, acceptedVersions=[24,]]]
[186月2026 11:06:58.645] [main/DEBUG] [net.minecraftforge.fml.loading.moddiscovery.ModFileParser/LOADING]: Found coremod field_to_method with Javascript path coremods/field_to_method.js
[186月2026 11:06:58.645] [main/DEBUG] [net.minecraftforge.fml.loading.moddiscovery.ModFileParser/LOADING]: Found coremod field_to_instanceof with Javascript path coremods/field_to_instanceof.js
[186月2026 11:06:58.645] [main/DEBUG] [net.minecraftforge.fml.loading.moddiscovery.ModFileParser/LOADING]: Found coremod add_bouncer_method with Javascript path coremods/add_bouncer_method.js
[186月2026 11:06:58.645] [main/DEBUG] [net.minecraftforge.fml.loading.moddiscovery.ModFileParser/LOADING]: Found coremod method_redirector with Javascript path coremods/method_redirector.js
[186月2026 11:06:58.645] [main/DEBUG] [net.minecraftforge.fml.loading.moddiscovery.ModFile/LOADING]: Found coremod coremods/field_to_method.js
[186月2026 11:06:58.646] [main/DEBUG] [net.minecraftforge.fml.loading.moddiscovery.ModFile/LOADING]: Found coremod coremods/field_to_instanceof.js
[186月2026 11:06:58.646] [main/DEBUG] [net.minecraftforge.fml.loading.moddiscovery.ModFile/LOADING]: Found coremod coremods/add_bouncer_method.js
[186月2026 11:06:58.646] [main/DEBUG] [net.minecraftforge.fml.loading.moddiscovery.ModFile/LOADING]: Found coremod coremods/method_redirector.js
[186月2026 11:06:58.646] [main/DEBUG] [net.minecraftforge.fml.loading.moddiscovery.ModFileParser/LOADING]: Considering mod file candidate C:\Users\w\.gradle\caches\forge_gradle\deobf_dependencies\libs\CustomNPCs-1.20.1-1.20.1.20260227\0_mapped_official_1.20.1\CustomNPCs-1.20.1-1.20.1.20260227-0_mapped_official_1.20.1.jar
[186月2026 11:06:58.647] [main/DEBUG] [net.minecraftforge.fml.loading.moddiscovery.ModFileInfo/LOADING]: Found valid mod file CustomNPCs-1.20.1-1.20.1.20260227-0_mapped_official_1.20.1.jar with {customnpcs} mods - versions {1.20.1.20260227}
[186月2026 11:06:58.647] [main/DEBUG] [net.minecraftforge.fml.loading.moddiscovery.ModFile/LOADING]: Loading mod file C:\Users\w\.gradle\caches\forge_gradle\deobf_dependencies\libs\CustomNPCs-1.20.1-1.20.1.20260227\0_mapped_official_1.20.1\CustomNPCs-1.20.1-1.20.1.20260227-0_mapped_official_1.20.1.jar with languages [LanguageSpec[languageName=javafml, acceptedVersions=[47,)]]
[186月2026 11:06:58.648] [main/DEBUG] [net.minecraftforge.fml.loading.moddiscovery.ModFileParser/LOADING]: Considering mod file candidate C:\Users\w\.gradle\caches\forge_gradle\deobf_dependencies\libs\xaerominimap-forge-1.20.1-26.1.0\0_mapped_official_1.20.1\xaerominimap-forge-1.20.1-26.1.0-0_mapped_official_1.20.1.jar
[186月2026 11:06:58.648] [main/DEBUG] [net.minecraftforge.fml.loading.moddiscovery.ModFileInfo/LOADING]: Found valid mod file xaerominimap-forge-1.20.1-26.1.0-0_mapped_official_1.20.1.jar with {xaerominimap} mods - versions {26.1.0}
[186月2026 11:06:58.648] [main/DEBUG] [net.minecraftforge.fml.loading.moddiscovery.ModFile/LOADING]: Loading mod file C:\Users\w\.gradle\caches\forge_gradle\deobf_dependencies\libs\xaerominimap-forge-1.20.1-26.1.0\0_mapped_official_1.20.1\xaerominimap-forge-1.20.1-26.1.0-0_mapped_official_1.20.1.jar with languages [LanguageSpec[languageName=javafml, acceptedVersions=[46,48)]]
[186月2026 11:06:58.648] [main/DEBUG] [net.minecraftforge.fml.loading.moddiscovery.ModFileParser/LOADING]: Found coremod xaerohud_core with Javascript path META-INF/xaerohud_core.js
[186月2026 11:06:58.648] [main/DEBUG] [net.minecraftforge.fml.loading.moddiscovery.ModFile/LOADING]: Found coremod META-INF/xaerohud_core.js
[186月2026 11:06:58.648] [main/DEBUG] [net.minecraftforge.fml.loading.moddiscovery.ModFileParser/LOADING]: Considering mod file candidate F:\idea\develops\CNPC-XWM-addon\build\resources\main
[186月2026 11:06:58.651] [main/DEBUG] [net.minecraftforge.fml.loading.moddiscovery.ModFileInfo/LOADING]: Found valid mod file main with {cnpc_xwm_addon} mods - versions {1.0-SNAPSHOT}
[186月2026 11:06:58.651] [main/DEBUG] [net.minecraftforge.fml.loading.moddiscovery.ModFile/LOADING]: Loading mod file F:\idea\develops\CNPC-XWM-addon\build\resources\main with languages [LanguageSpec[languageName=javafml, acceptedVersions=[47,)]]
[186月2026 11:06:58.654] [main/DEBUG] [cpw.mods.modlauncher.TransformationServiceDecorator/MODLAUNCHER]: End scan trigger - transformation service fml
[186月2026 11:06:58.671] [main/DEBUG] [net.minecraftforge.fml.loading.LanguageLoadingProvider/CORE]: Found 3 language providers
[186月2026 11:06:58.673] [main/DEBUG] [net.minecraftforge.fml.loading.LanguageLoadingProvider/CORE]: Found language provider minecraft, version 1.0
[186月2026 11:06:58.675] [main/DEBUG] [net.minecraftforge.fml.loading.LanguageLoadingProvider/CORE]: Found language provider lowcodefml, version 47
[186月2026 11:06:58.675] [main/DEBUG] [net.minecraftforge.fml.loading.LanguageLoadingProvider/CORE]: Found language provider javafml, version 47
[186月2026 11:06:58.689] [main/DEBUG] [net.minecraftforge.fml.loading.ModSorter/]: Configured system mods: [minecraft, forge]
[186月2026 11:06:58.689] [main/DEBUG] [net.minecraftforge.fml.loading.ModSorter/]: Found system mod: minecraft
[186月2026 11:06:58.689] [main/DEBUG] [net.minecraftforge.fml.loading.ModSorter/]: Found system mod: forge
[186月2026 11:06:58.696] [main/DEBUG] [net.minecraftforge.fml.loading.ModSorter/LOADING]: Found 10 mod requirements (8 mandatory, 2 optional)
[186月2026 11:06:58.696] [main/DEBUG] [net.minecraftforge.fml.loading.ModSorter/LOADING]: Found 0 mod requirements missing (0 mandatory, 0 optional)
[186月2026 11:06:59.166] [main/DEBUG] [net.minecraftforge.fml.loading.MCPNamingService/CORE]: Loaded 33222 method mappings from methods.csv
[186月2026 11:06:59.193] [main/DEBUG] [net.minecraftforge.fml.loading.MCPNamingService/CORE]: Loaded 31003 field mappings from fields.csv
[186月2026 11:06:59.247] [main/DEBUG] [cpw.mods.modlauncher.TransformationServicesHandler/MODLAUNCHER]: Transformation services loading transformers
[186月2026 11:06:59.248] [main/DEBUG] [cpw.mods.modlauncher.TransformationServiceDecorator/MODLAUNCHER]: Initializing transformers for transformation service mixin
[186月2026 11:06:59.248] [main/DEBUG] [cpw.mods.modlauncher.TransformationServiceDecorator/MODLAUNCHER]: Initialized transformers for transformation service mixin
[186月2026 11:06:59.249] [main/DEBUG] [cpw.mods.modlauncher.TransformationServiceDecorator/MODLAUNCHER]: Initializing transformers for transformation service fml
[186月2026 11:06:59.249] [main/DEBUG] [net.minecraftforge.fml.loading.FMLServiceProvider/CORE]: Loading coremod transformers
[186月2026 11:06:59.249] [main/DEBUG] [net.minecraftforge.coremod.CoreModEngine/COREMOD]: Loading CoreMod from coremods/field_to_method.js
[186月2026 11:06:59.576] [main/DEBUG] [net.minecraftforge.coremod.CoreModEngine/COREMOD]: CoreMod loaded successfully
[186月2026 11:06:59.576] [main/DEBUG] [net.minecraftforge.coremod.CoreModEngine/COREMOD]: Loading CoreMod from coremods/field_to_instanceof.js
[186月2026 11:06:59.664] [main/DEBUG] [net.minecraftforge.coremod.CoreModEngine/COREMOD]: CoreMod loaded successfully
[186月2026 11:06:59.664] [main/DEBUG] [net.minecraftforge.coremod.CoreModEngine/COREMOD]: Loading CoreMod from coremods/add_bouncer_method.js
[186月2026 11:06:59.715] [main/DEBUG] [net.minecraftforge.coremod.CoreModEngine/COREMOD]: CoreMod loaded successfully
[186月2026 11:06:59.716] [main/DEBUG] [net.minecraftforge.coremod.CoreModEngine/COREMOD]: Loading CoreMod from coremods/method_redirector.js
[186月2026 11:06:59.784] [main/DEBUG] [net.minecraftforge.coremod.CoreModEngine/COREMOD]: CoreMod loaded successfully
[186月2026 11:06:59.784] [main/DEBUG] [net.minecraftforge.coremod.CoreModEngine/COREMOD]: Loading CoreMod from META-INF/xaerohud_core.js
[186月2026 11:06:59.813] [main/DEBUG] [net.minecraftforge.coremod.CoreModEngine/COREMOD]: CoreMod loaded successfully
[186月2026 11:06:59.840] [main/DEBUG] [cpw.mods.modlauncher.TransformStore/MODLAUNCHER]: Adding transformer net.minecraftforge.coremod.transformer.CoreModMethodTransformer@759de304 to Target : METHOD {Lnet/minecraft/client/ToggleKeyMapping;} {isDown} {()Z}
[186月2026 11:06:59.844] [main/DEBUG] [cpw.mods.modlauncher.TransformStore/MODLAUNCHER]: Adding transformer net.minecraftforge.coremod.transformer.CoreModClassTransformer@74606204 to Target : CLASS {Lnet/minecraft/world/level/biome/Biome;} {} {V}
[186月2026 11:06:59.844] [main/DEBUG] [cpw.mods.modlauncher.TransformStore/MODLAUNCHER]: Adding transformer net.minecraftforge.coremod.transformer.CoreModClassTransformer@6b6eae52 to Target : CLASS {Lnet/minecraft/world/level/levelgen/structure/Structure;} {} {V}
[186月2026 11:06:59.844] [main/DEBUG] [cpw.mods.modlauncher.TransformStore/MODLAUNCHER]: Adding transformer net.minecraftforge.coremod.transformer.CoreModClassTransformer@d4df0e to Target : CLASS {Lnet/minecraft/world/effect/MobEffectInstance;} {} {V}
[186月2026 11:06:59.844] [main/DEBUG] [cpw.mods.modlauncher.TransformStore/MODLAUNCHER]: Adding transformer net.minecraftforge.coremod.transformer.CoreModClassTransformer@7ae0cc89 to Target : CLASS {Lnet/minecraft/world/level/block/LiquidBlock;} {} {V}
[186月2026 11:06:59.845] [main/DEBUG] [cpw.mods.modlauncher.TransformStore/MODLAUNCHER]: Adding transformer net.minecraftforge.coremod.transformer.CoreModClassTransformer@de7e193 to Target : CLASS {Lnet/minecraft/world/item/BucketItem;} {} {V}
[186月2026 11:06:59.845] [main/DEBUG] [cpw.mods.modlauncher.TransformStore/MODLAUNCHER]: Adding transformer net.minecraftforge.coremod.transformer.CoreModClassTransformer@13e5d243 to Target : CLASS {Lnet/minecraft/world/level/block/StairBlock;} {} {V}
[186月2026 11:06:59.845] [main/DEBUG] [cpw.mods.modlauncher.TransformStore/MODLAUNCHER]: Adding transformer net.minecraftforge.coremod.transformer.CoreModClassTransformer@35ef439e to Target : CLASS {Lnet/minecraft/world/level/block/FlowerPotBlock;} {} {V}
[186月2026 11:06:59.845] [main/DEBUG] [cpw.mods.modlauncher.TransformStore/MODLAUNCHER]: Adding transformer net.minecraftforge.coremod.transformer.CoreModClassTransformer@4997552e to Target : CLASS {Lnet/minecraft/world/item/ItemStack;} {} {V}
[186月2026 11:06:59.845] [main/DEBUG] [cpw.mods.modlauncher.TransformStore/MODLAUNCHER]: Adding transformer net.minecraftforge.coremod.transformer.CoreModClassTransformer@7bcecef6 to Target : CLASS {Lnet/minecraft/network/play/client/CClientSettingsPacket;} {} {V}
[186月2026 11:06:59.845] [main/DEBUG] [cpw.mods.modlauncher.TransformStore/MODLAUNCHER]: Adding transformer net.minecraftforge.coremod.transformer.CoreModClassTransformer@46046c06 to Target : CLASS {Lnet/minecraft/world/entity/EntityType;} {} {V}
[186月2026 11:06:59.845] [main/DEBUG] [cpw.mods.modlauncher.TransformStore/MODLAUNCHER]: Adding transformer net.minecraftforge.coremod.transformer.CoreModClassTransformer@46046c06 to Target : CLASS {Lnet/minecraft/world/level/levelgen/structure/structures/WoodlandMansionPieces$WoodlandMansionPiece;} {} {V}
[186月2026 11:06:59.845] [main/DEBUG] [cpw.mods.modlauncher.TransformStore/MODLAUNCHER]: Adding transformer net.minecraftforge.coremod.transformer.CoreModClassTransformer@46046c06 to Target : CLASS {Lnet/minecraft/world/entity/ai/village/VillageSiege;} {} {V}
[186月2026 11:06:59.845] [main/DEBUG] [cpw.mods.modlauncher.TransformStore/MODLAUNCHER]: Adding transformer net.minecraftforge.coremod.transformer.CoreModClassTransformer@46046c06 to Target : CLASS {Lnet/minecraft/world/entity/monster/ZombieVillager;} {} {V}
[186月2026 11:06:59.845] [main/DEBUG] [cpw.mods.modlauncher.TransformStore/MODLAUNCHER]: Adding transformer net.minecraftforge.coremod.transformer.CoreModClassTransformer@46046c06 to Target : CLASS {Lnet/minecraft/world/entity/animal/frog/Tadpole;} {} {V}
[186月2026 11:06:59.846] [main/DEBUG] [cpw.mods.modlauncher.TransformStore/MODLAUNCHER]: Adding transformer net.minecraftforge.coremod.transformer.CoreModClassTransformer@46046c06 to Target : CLASS {Lnet/minecraft/world/entity/monster/Evoker$EvokerSummonSpellGoal;} {} {V}
[186月2026 11:06:59.846] [main/DEBUG] [cpw.mods.modlauncher.TransformStore/MODLAUNCHER]: Adding transformer net.minecraftforge.coremod.transformer.CoreModClassTransformer@46046c06 to Target : CLASS {Lnet/minecraft/world/level/levelgen/structure/structures/OceanRuinPieces$OceanRuinPiece;} {} {V}
[186月2026 11:06:59.846] [main/DEBUG] [cpw.mods.modlauncher.TransformStore/MODLAUNCHER]: Adding transformer net.minecraftforge.coremod.transformer.CoreModClassTransformer@46046c06 to Target : CLASS {Lnet/minecraft/server/commands/RaidCommand;} {} {V}
[186月2026 11:06:59.846] [main/DEBUG] [cpw.mods.modlauncher.TransformStore/MODLAUNCHER]: Adding transformer net.minecraftforge.coremod.transformer.CoreModClassTransformer@46046c06 to Target : CLASS {Lnet/minecraft/world/entity/npc/CatSpawner;} {} {V}
[186月2026 11:06:59.846] [main/DEBUG] [cpw.mods.modlauncher.TransformStore/MODLAUNCHER]: Adding transformer net.minecraftforge.coremod.transformer.CoreModClassTransformer@46046c06 to Target : CLASS {Lnet/minecraft/world/entity/animal/horse/SkeletonTrapGoal;} {} {V}
[186月2026 11:06:59.846] [main/DEBUG] [cpw.mods.modlauncher.TransformStore/MODLAUNCHER]: Adding transformer net.minecraftforge.coremod.transformer.CoreModClassTransformer@46046c06 to Target : CLASS {Lnet/minecraft/world/level/NaturalSpawner;} {} {V}
[186月2026 11:06:59.846] [main/DEBUG] [cpw.mods.modlauncher.TransformStore/MODLAUNCHER]: Adding transformer net.minecraftforge.coremod.transformer.CoreModClassTransformer@46046c06 to Target : CLASS {Lnet/minecraft/world/entity/monster/Zombie;} {} {V}
[186月2026 11:06:59.846] [main/DEBUG] [cpw.mods.modlauncher.TransformStore/MODLAUNCHER]: Adding transformer net.minecraftforge.coremod.transformer.CoreModClassTransformer@46046c06 to Target : CLASS {Lnet/minecraft/server/commands/SummonCommand;} {} {V}
[186月2026 11:06:59.846] [main/DEBUG] [cpw.mods.modlauncher.TransformStore/MODLAUNCHER]: Adding transformer net.minecraftforge.coremod.transformer.CoreModClassTransformer@46046c06 to Target : CLASS {Lnet/minecraft/world/level/levelgen/structure/structures/SwampHutPiece;} {} {V}
[186月2026 11:06:59.846] [main/DEBUG] [cpw.mods.modlauncher.TransformStore/MODLAUNCHER]: Adding transformer net.minecraftforge.coremod.transformer.CoreModClassTransformer@46046c06 to Target : CLASS {Lnet/minecraft/world/entity/monster/Strider;} {} {V}
[186月2026 11:06:59.846] [main/DEBUG] [cpw.mods.modlauncher.TransformStore/MODLAUNCHER]: Adding transformer net.minecraftforge.coremod.transformer.CoreModClassTransformer@46046c06 to Target : CLASS {Lnet/minecraft/world/level/levelgen/structure/structures/OceanMonumentPieces$OceanMonumentPiece;} {} {V}
[186月2026 11:06:59.846] [main/DEBUG] [cpw.mods.modlauncher.TransformStore/MODLAUNCHER]: Adding transformer net.minecraftforge.coremod.transformer.CoreModClassTransformer@46046c06 to Target : CLASS {Lnet/minecraft/world/entity/npc/Villager;} {} {V}
[186月2026 11:06:59.846] [main/DEBUG] [cpw.mods.modlauncher.TransformStore/MODLAUNCHER]: Adding transformer net.minecraftforge.coremod.transformer.CoreModClassTransformer@46046c06 to Target : CLASS {Lnet/minecraft/world/entity/monster/Spider;} {} {V}
[186月2026 11:06:59.846] [main/DEBUG] [cpw.mods.modlauncher.TransformStore/MODLAUNCHER]: Adding transformer net.minecraftforge.coremod.transformer.CoreModClassTransformer@46046c06 to Target : CLASS {Lnet/minecraft/world/level/levelgen/structure/templatesystem/StructureTemplate;} {} {V}
[186月2026 11:06:59.846] [main/DEBUG] [cpw.mods.modlauncher.TransformStore/MODLAUNCHER]: Adding transformer net.minecraftforge.coremod.transformer.CoreModClassTransformer@46046c06 to Target : CLASS {Lnet/minecraft/world/level/levelgen/PhantomSpawner;} {} {V}
[186月2026 11:06:59.846] [main/DEBUG] [cpw.mods.modlauncher.TransformStore/MODLAUNCHER]: Adding transformer net.minecraftforge.coremod.transformer.CoreModClassTransformer@46046c06 to Target : CLASS {Lnet/minecraft/world/entity/raid/Raid;} {} {V}
[186月2026 11:06:59.846] [main/DEBUG] [cpw.mods.modlauncher.TransformStore/MODLAUNCHER]: Adding transformer net.minecraftforge.coremod.transformer.CoreModClassTransformer@46046c06 to Target : CLASS {Lnet/minecraft/world/level/levelgen/PatrolSpawner;} {} {V}
[186月2026 11:06:59.846] [main/DEBUG] [cpw.mods.modlauncher.TransformationServiceDecorator/MODLAUNCHER]: Initialized transformers for transformation service fml
[186月2026 11:07:00.172] [main/DEBUG] [mixin/]: Processing prepare() for PlatformAgent[MixinPlatformAgentDefault:ModLauncher Root Container(ModLauncher:4f56a0a2)]
[186月2026 11:07:00.173] [main/DEBUG] [mixin/]: Registering mixin config: cnpc_xwm_addon.mixins.json
[186月2026 11:07:00.212] [main/DEBUG] [mixin/]: Compatibility level JAVA_8 specified by cnpc_xwm_addon.mixins.json is lower than the default level supported by the current mixin service (JAVA_16).
[186月2026 11:07:00.215] [main/DEBUG] [mixin/]: Processing launch tasks for PlatformAgent[MixinPlatformAgentDefault:ModLauncher Root Container(ModLauncher:4f56a0a2)]
[186月2026 11:07:00.216] [main/DEBUG] [mixin/]: Adding mixin platform agents for container SecureJarResource(minecraft)
[186月2026 11:07:00.216] [main/DEBUG] [mixin/]: Instancing new MixinPlatformAgentMinecraftForge for SecureJarResource(minecraft)
[186月2026 11:07:00.216] [main/DEBUG] [mixin/]: MixinPlatformAgentMinecraftForge rejected container SecureJarResource(minecraft)
[186月2026 11:07:00.216] [main/DEBUG] [mixin/]: Instancing new MixinPlatformAgentDefault for SecureJarResource(minecraft)
[186月2026 11:07:00.216] [main/DEBUG] [mixin/]: MixinPlatformAgentDefault accepted container SecureJarResource(minecraft)
[186月2026 11:07:00.216] [main/DEBUG] [mixin/]: Processing prepare() for PlatformAgent[MixinPlatformAgentDefault:SecureJarResource(minecraft)]
[186月2026 11:07:00.216] [main/DEBUG] [mixin/]: Adding mixin platform agents for container SecureJarResource(xaerolib)
[186月2026 11:07:00.216] [main/DEBUG] [mixin/]: Instancing new MixinPlatformAgentMinecraftForge for SecureJarResource(xaerolib)
[186月2026 11:07:00.216] [main/DEBUG] [mixin/]: MixinPlatformAgentMinecraftForge rejected container SecureJarResource(xaerolib)
[186月2026 11:07:00.216] [main/DEBUG] [mixin/]: Instancing new MixinPlatformAgentDefault for SecureJarResource(xaerolib)
[186月2026 11:07:00.216] [main/DEBUG] [mixin/]: MixinPlatformAgentDefault accepted container SecureJarResource(xaerolib)
[186月2026 11:07:00.216] [main/DEBUG] [mixin/]: Processing prepare() for PlatformAgent[MixinPlatformAgentDefault:SecureJarResource(xaerolib)]
[186月2026 11:07:00.216] [main/DEBUG] [mixin/]: Registering mixin config: xaerolib.mixins.json
[186月2026 11:07:00.217] [main/DEBUG] [mixin/]: Compatibility level JAVA_17 specified by xaerolib.mixins.json is higher than the maximum level supported by this version of mixin (JAVA_13).
[186月2026 11:07:00.224] [main/INFO] [mixin/]: Compatibility level set to JAVA_17
[186月2026 11:07:00.224] [main/DEBUG] [mixin/]: Registering mixin config: xaerolib.forge.mixins.json
[186月2026 11:07:00.226] [main/DEBUG] [mixin/]: Adding mixin platform agents for container SecureJarResource(customnpcs)
[186月2026 11:07:00.226] [main/DEBUG] [mixin/]: Instancing new MixinPlatformAgentMinecraftForge for SecureJarResource(customnpcs)
[186月2026 11:07:00.226] [main/DEBUG] [mixin/]: MixinPlatformAgentMinecraftForge rejected container SecureJarResource(customnpcs)
[186月2026 11:07:00.226] [main/DEBUG] [mixin/]: Instancing new MixinPlatformAgentDefault for SecureJarResource(customnpcs)
[186月2026 11:07:00.226] [main/DEBUG] [mixin/]: MixinPlatformAgentDefault accepted container SecureJarResource(customnpcs)
[186月2026 11:07:00.226] [main/DEBUG] [mixin/]: Processing prepare() for PlatformAgent[MixinPlatformAgentDefault:SecureJarResource(customnpcs)]
[186月2026 11:07:00.226] [main/DEBUG] [mixin/]: Registering mixin config: customnpcs.mixins.json
[186月2026 11:07:00.228] [main/DEBUG] [mixin/]: Adding mixin platform agents for container SecureJarResource(forge)
[186月2026 11:07:00.228] [main/DEBUG] [mixin/]: Instancing new MixinPlatformAgentMinecraftForge for SecureJarResource(forge)
[186月2026 11:07:00.228] [main/DEBUG] [mixin/]: MixinPlatformAgentMinecraftForge rejected container SecureJarResource(forge)
[186月2026 11:07:00.228] [main/DEBUG] [mixin/]: Instancing new MixinPlatformAgentDefault for SecureJarResource(forge)
[186月2026 11:07:00.228] [main/DEBUG] [mixin/]: MixinPlatformAgentDefault accepted container SecureJarResource(forge)
[186月2026 11:07:00.228] [main/DEBUG] [mixin/]: Processing prepare() for PlatformAgent[MixinPlatformAgentDefault:SecureJarResource(forge)]
[186月2026 11:07:00.228] [main/DEBUG] [mixin/]: Adding mixin platform agents for container SecureJarResource(xaerominimap)
[186月2026 11:07:00.228] [main/DEBUG] [mixin/]: Instancing new MixinPlatformAgentMinecraftForge for SecureJarResource(xaerominimap)
[186月2026 11:07:00.228] [main/DEBUG] [mixin/]: MixinPlatformAgentMinecraftForge rejected container SecureJarResource(xaerominimap)
[186月2026 11:07:00.229] [main/DEBUG] [mixin/]: Instancing new MixinPlatformAgentDefault for SecureJarResource(xaerominimap)
[186月2026 11:07:00.229] [main/DEBUG] [mixin/]: MixinPlatformAgentDefault accepted container SecureJarResource(xaerominimap)
[186月2026 11:07:00.229] [main/DEBUG] [mixin/]: Processing prepare() for PlatformAgent[MixinPlatformAgentDefault:SecureJarResource(xaerominimap)]
[186月2026 11:07:00.229] [main/DEBUG] [mixin/]: Registering mixin config: xaerohud.mixins.json
[186月2026 11:07:00.229] [main/DEBUG] [mixin/]: Registering mixin config: xaerohud.forge.mixins.json
[186月2026 11:07:00.231] [main/DEBUG] [mixin/]: Registering mixin config: xaerominimap.mixins.json
[186月2026 11:07:00.232] [main/DEBUG] [mixin/]: Registering mixin config: xaerominimap.forge.mixins.json
[186月2026 11:07:00.233] [main/DEBUG] [mixin/]: Adding mixin platform agents for container SecureJarResource(cnpc_xwm_addon)
[186月2026 11:07:00.233] [main/DEBUG] [mixin/]: Instancing new MixinPlatformAgentMinecraftForge for SecureJarResource(cnpc_xwm_addon)
[186月2026 11:07:00.233] [main/DEBUG] [mixin/]: MixinPlatformAgentMinecraftForge rejected container SecureJarResource(cnpc_xwm_addon)
[186月2026 11:07:00.233] [main/DEBUG] [mixin/]: Instancing new MixinPlatformAgentDefault for SecureJarResource(cnpc_xwm_addon)
[186月2026 11:07:00.233] [main/DEBUG] [mixin/]: MixinPlatformAgentDefault accepted container SecureJarResource(cnpc_xwm_addon)
[186月2026 11:07:00.233] [main/DEBUG] [mixin/]: Processing prepare() for PlatformAgent[MixinPlatformAgentDefault:SecureJarResource(cnpc_xwm_addon)]
[186月2026 11:07:00.233] [main/DEBUG] [mixin/]: inject() running with 7 agents
[186月2026 11:07:00.233] [main/DEBUG] [mixin/]: Processing inject() for PlatformAgent[MixinPlatformAgentDefault:ModLauncher Root Container(ModLauncher:4f56a0a2)]
[186月2026 11:07:00.233] [main/DEBUG] [mixin/]: Processing inject() for PlatformAgent[MixinPlatformAgentDefault:SecureJarResource(minecraft)]
[186月2026 11:07:00.233] [main/DEBUG] [mixin/]: Processing inject() for PlatformAgent[MixinPlatformAgentDefault:SecureJarResource(xaerolib)]
[186月2026 11:07:00.233] [main/DEBUG] [mixin/]: Processing inject() for PlatformAgent[MixinPlatformAgentDefault:SecureJarResource(customnpcs)]
[186月2026 11:07:00.233] [main/DEBUG] [mixin/]: Processing inject() for PlatformAgent[MixinPlatformAgentDefault:SecureJarResource(forge)]
[186月2026 11:07:00.233] [main/DEBUG] [mixin/]: Processing inject() for PlatformAgent[MixinPlatformAgentDefault:SecureJarResource(xaerominimap)]
[186月2026 11:07:00.234] [main/DEBUG] [mixin/]: Processing inject() for PlatformAgent[MixinPlatformAgentDefault:SecureJarResource(cnpc_xwm_addon)]
[186月2026 11:07:00.234] [main/INFO] [cpw.mods.modlauncher.LaunchServiceHandler/MODLAUNCHER]: Launching target 'forgeclientuserdev' with arguments [--version, MOD_DEV, --gameDir, ., --assetsDir, C:\Users\w\.gradle\caches\forge_gradle\assets, --assetIndex, 5]
[186月2026 11:07:00.358] [main/DEBUG] [mixin/]: Error cleaning class output directory: .mixin.out
[186月2026 11:07:00.363] [main/DEBUG] [mixin/]: Preparing mixins for MixinEnvironment[DEFAULT]
[186月2026 11:07:00.363] [main/DEBUG] [mixin/]: Selecting config cnpc_xwm_addon.mixins.json
[186月2026 11:07:00.368] [main/WARN] [mixin/]: Reference map 'cnpc_xwm_addon.refmap.json' for cnpc_xwm_addon.mixins.json could not be read. If this is a development environment you can ignore this message
[186月2026 11:07:00.372] [main/DEBUG] [mixin/]: Selecting config xaerolib.mixins.json
[186月2026 11:07:00.593] [main/INFO] [mixin/]: Remapping refMap xaerolib.refmap.json using F:\idea\develops\CNPC-XWM-addon\build\createSrgToMcp\output.srg
[186月2026 11:07:00.593] [main/DEBUG] [mixin/]: Selecting config xaerolib.forge.mixins.json
[186月2026 11:07:00.594] [main/INFO] [mixin/]: Remapping refMap xaerolib.refmap.json using F:\idea\develops\CNPC-XWM-addon\build\createSrgToMcp\output.srg
[186月2026 11:07:00.594] [main/DEBUG] [mixin/]: Selecting config customnpcs.mixins.json
[186月2026 11:07:00.595] [main/INFO] [mixin/]: Remapping refMap customnpcs.refmap.json using F:\idea\develops\CNPC-XWM-addon\build\createSrgToMcp\output.srg
[186月2026 11:07:00.595] [main/DEBUG] [mixin/]: Selecting config xaerohud.mixins.json
[186月2026 11:07:00.596] [main/INFO] [mixin/]: Remapping refMap xaerominimap.refmap.json using F:\idea\develops\CNPC-XWM-addon\build\createSrgToMcp\output.srg
[186月2026 11:07:00.596] [main/DEBUG] [mixin/]: Selecting config xaerohud.forge.mixins.json
[186月2026 11:07:00.596] [main/INFO] [mixin/]: Remapping refMap xaerominimap.refmap.json using F:\idea\develops\CNPC-XWM-addon\build\createSrgToMcp\output.srg
[186月2026 11:07:00.596] [main/DEBUG] [mixin/]: Selecting config xaerominimap.mixins.json
[186月2026 11:07:00.597] [main/INFO] [mixin/]: Remapping refMap xaerominimap.refmap.json using F:\idea\develops\CNPC-XWM-addon\build\createSrgToMcp\output.srg
[186月2026 11:07:00.597] [main/DEBUG] [mixin/]: Selecting config xaerominimap.forge.mixins.json
[186月2026 11:07:00.598] [main/INFO] [mixin/]: Remapping refMap xaerominimap.refmap.json using F:\idea\develops\CNPC-XWM-addon\build\createSrgToMcp\output.srg
[186月2026 11:07:00.598] [main/DEBUG] [mixin/]: Preparing cnpc_xwm_addon.mixins.json (4)
[186月2026 11:07:00.703] [main/DEBUG] [mixin/]: Preparing xaerolib.mixins.json (5)
[186月2026 11:07:00.737] [main/DEBUG] [mixin/]: Preparing xaerolib.forge.mixins.json (0)
[186月2026 11:07:00.737] [main/DEBUG] [mixin/]: Preparing customnpcs.mixins.json (50)
[186月2026 11:07:00.786] [main/WARN] [mixin/]: Error loading class: mezz/jei/gui/events/GuiEventHandler (java.lang.ClassNotFoundException: mezz.jei.gui.events.GuiEventHandler)
[186月2026 11:07:00.787] [main/DEBUG] [mixin/]: Skipping virtual target mezz.jei.gui.events.GuiEventHandler for customnpcs.mixins.json:MixinJEIEventHandler
[186月2026 11:07:00.818] [main/WARN] [mixin/]: Error loading class: org/tlauncher/TLSkinCape (java.lang.ClassNotFoundException: org.tlauncher.TLSkinCape)
[186月2026 11:07:00.819] [main/DEBUG] [mixin/]: Skipping virtual target org.tlauncher.TLSkinCape for customnpcs.mixins.json:BuildableSkinMixin
[186月2026 11:07:00.831] [main/DEBUG] [mixin/]: Preparing xaerohud.mixins.json (21)
[186月2026 11:07:00.855] [main/DEBUG] [mixin/]: Preparing xaerohud.forge.mixins.json (0)
[186月2026 11:07:00.855] [main/DEBUG] [mixin/]: Preparing xaerominimap.mixins.json (0)
[186月2026 11:07:00.855] [main/DEBUG] [mixin/]: Preparing xaerominimap.forge.mixins.json (0)
[186月2026 11:07:00.890] [main/DEBUG] [mixin/]: Registering new injector for @Inject with org.spongepowered.asm.mixin.injection.struct.CallbackInjectionInfo
[186月2026 11:07:00.893] [main/DEBUG] [mixin/]: Registering new injector for @ModifyArg with org.spongepowered.asm.mixin.injection.struct.ModifyArgInjectionInfo
[186月2026 11:07:00.895] [main/DEBUG] [mixin/]: Registering new injector for @ModifyArgs with org.spongepowered.asm.mixin.injection.struct.ModifyArgsInjectionInfo
[186月2026 11:07:00.898] [main/DEBUG] [mixin/]: Registering new injector for @Redirect with org.spongepowered.asm.mixin.injection.struct.RedirectInjectionInfo
[186月2026 11:07:00.899] [main/DEBUG] [mixin/]: Registering new injector for @ModifyVariable with org.spongepowered.asm.mixin.injection.struct.ModifyVariableInjectionInfo
[186月2026 11:07:00.902] [main/DEBUG] [mixin/]: Registering new injector for @ModifyConstant with org.spongepowered.asm.mixin.injection.struct.ModifyConstantInjectionInfo
[186月2026 11:07:00.921] [main/DEBUG] [mixin/]: Prepared 78 mixins in 0.557 sec (7.1ms avg) (0ms load, 0ms transform, 0ms plugin)
[186月2026 11:07:00.957] [main/DEBUG] [mixin/]: Mixing MixinMinecraftClient from xaerohud.mixins.json into net.minecraft.client.Minecraft
[186月2026 11:07:01.368] [main/DEBUG] [io.netty.util.internal.logging.InternalLoggerFactory/]: Using SLF4J as the default logging framework
[186月2026 11:07:01.373] [main/DEBUG] [io.netty.util.ResourceLeakDetector/]: -Dio.netty.leakDetection.level: simple
[186月2026 11:07:01.374] [main/DEBUG] [io.netty.util.ResourceLeakDetector/]: -Dio.netty.leakDetection.targetRecords: 4
[186月2026 11:07:01.475] [main/DEBUG] [mixin/]: Mixing MixinExecutorUtil from customnpcs.mixins.json into net.minecraft.Util
[186月2026 11:07:01.635] [main/DEBUG] [oshi.util.FileUtil/]: No oshi.properties file found from ClassLoader cpw.mods.modlauncher.TransformingClassLoader@485caa8f
[186月2026 11:07:01.942] [main/DEBUG] [oshi.util.FileUtil/]: No oshi.architecture.properties file found from ClassLoader cpw.mods.modlauncher.TransformingClassLoader@485caa8f
[186月2026 11:07:02.707] [pool-4-thread-1/DEBUG] [mixin/]: Mixing EntityIMixin from customnpcs.mixins.json into net.minecraft.world.entity.Entity
[186月2026 11:07:02.735] [pool-4-thread-1/DEBUG] [mixin/]: Mixing EntityLivingIMixin from customnpcs.mixins.json into net.minecraft.world.entity.LivingEntity
[186月2026 11:07:02.747] [pool-4-thread-1/DEBUG] [mixin/]: Mixing EntityLivingMixin from customnpcs.mixins.json into net.minecraft.world.entity.LivingEntity
[186月2026 11:07:02.782] [pool-4-thread-1/DEBUG] [mixin/]: Mixing ItemEntityMixin from customnpcs.mixins.json into net.minecraft.world.entity.item.ItemEntity
[186月2026 11:07:02.803] [pool-4-thread-1/DEBUG] [mixin/]: Mixing ServerLevelMixin from customnpcs.mixins.json into net.minecraft.server.level.ServerLevel
[186月2026 11:07:02.872] [pool-4-thread-1/DEBUG] [net.minecraftforge.coremod.transformer.CoreModBaseTransformer/COREMOD]: Transforming net/minecraft/world/entity/EntityType
[186月2026 11:07:03.459] [pool-4-thread-1/DEBUG] [net.minecraftforge.coremod.transformer.CoreModBaseTransformer/COREMOD]: Transforming net/minecraft/world/level/block/LiquidBlock
[186月2026 11:07:03.468] [pool-4-thread-1/DEBUG] [mixin/]: Mixing LeavesBlockMixin from customnpcs.mixins.json into net.minecraft.world.level.block.LeavesBlock
[186月2026 11:07:03.503] [pool-4-thread-1/DEBUG] [net.minecraftforge.coremod.transformer.CoreModBaseTransformer/COREMOD]: Transforming net/minecraft/world/level/block/StairBlock
[186月2026 11:07:03.538] [pool-4-thread-1/DEBUG] [mixin/]: Mixing IceBlockMixin from customnpcs.mixins.json into net.minecraft.world.level.block.IceBlock
[186月2026 11:07:03.570] [pool-4-thread-1/DEBUG] [mixin/]: Mixing VineBlockMixin from customnpcs.mixins.json into net.minecraft.world.level.block.VineBlock
[186月2026 11:07:03.589] [pool-4-thread-1/DEBUG] [net.minecraftforge.coremod.transformer.CoreModBaseTransformer/COREMOD]: Transforming net/minecraft/world/level/block/FlowerPotBlock
[186月2026 11:07:04.037] [pool-4-thread-1/DEBUG] [mixin/]: Mixing AbstractContainerMenuMixin from customnpcs.mixins.json into net.minecraft.world.inventory.AbstractContainerMenu
[186月2026 11:07:04.188] [pool-4-thread-1/DEBUG] [net.minecraftforge.coremod.transformer.CoreModBaseTransformer/COREMOD]: Transforming net/minecraft/world/item/ItemStack
[186月2026 11:07:04.624] [pool-4-thread-1/DEBUG] [net.minecraftforge.coremod.transformer.CoreModBaseTransformer/COREMOD]: Transforming net/minecraft/world/entity/animal/frog/Tadpole
[186月2026 11:07:04.664] [pool-4-thread-1/DEBUG] [net.minecraftforge.coremod.transformer.CoreModBaseTransformer/COREMOD]: Transforming net/minecraft/world/item/BucketItem
[186月2026 11:07:05.562] [pool-4-thread-1/DEBUG] [net.minecraftforge.coremod.transformer.CoreModBaseTransformer/COREMOD]: Transforming net/minecraft/world/entity/monster/Spider
[186月2026 11:07:05.603] [Datafixer Bootstrap/INFO] [com.mojang.datafixers.DataFixerBuilder/]: 188 Datafixer optimizations took 126 milliseconds
[186月2026 11:07:05.652] [pool-4-thread-1/DEBUG] [net.minecraftforge.coremod.transformer.CoreModBaseTransformer/COREMOD]: Transforming net/minecraft/world/entity/monster/Zombie
[186月2026 11:07:05.677] [pool-4-thread-1/DEBUG] [net.minecraftforge.coremod.transformer.CoreModBaseTransformer/COREMOD]: Transforming net/minecraft/world/entity/monster/ZombieVillager
[186月2026 11:07:05.753] [pool-4-thread-1/DEBUG] [net.minecraftforge.coremod.transformer.CoreModBaseTransformer/COREMOD]: Transforming net/minecraft/world/entity/monster/Evoker$EvokerSummonSpellGoal
[186月2026 11:07:06.000] [pool-4-thread-1/DEBUG] [net.minecraftforge.coremod.transformer.CoreModBaseTransformer/COREMOD]: Transforming net/minecraft/world/entity/animal/horse/SkeletonTrapGoal
[186月2026 11:07:06.016] [pool-4-thread-1/DEBUG] [mixin/]: Mixing BaseSpawnerMixin from customnpcs.mixins.json into net.minecraft.world.level.BaseSpawner
[186月2026 11:07:06.029] [pool-4-thread-1/DEBUG] [net.minecraftforge.coremod.transformer.CoreModBaseTransformer/COREMOD]: Transforming net/minecraft/world/entity/monster/Strider
[186月2026 11:07:06.059] [pool-4-thread-1/DEBUG] [mixin/]: Mixing MixinFriendlyByteBufArgs from customnpcs.mixins.json into net.minecraft.network.FriendlyByteBuf
[186月2026 11:07:06.097] [pool-4-thread-1/DEBUG] [mixin/]: Mixing SynchedEntityDataMixin from customnpcs.mixins.json into net.minecraft.network.syncher.SynchedEntityData
[186月2026 11:07:06.132] [pool-4-thread-1/DEBUG] [mixin/]: Mixing MixinServerPlayer from xaerolib.mixins.json into net.minecraft.server.level.ServerPlayer
[186月2026 11:07:06.138] [pool-4-thread-1/DEBUG] [mixin/]: Mixing ServerPlayerMixin from customnpcs.mixins.json into net.minecraft.server.level.ServerPlayer
[186月2026 11:07:06.138] [pool-4-thread-1/DEBUG] [mixin/]: Mixing MixinServerPlayer from xaerohud.mixins.json into net.minecraft.server.level.ServerPlayer
[186月2026 11:07:06.201] [pool-4-thread-1/DEBUG] [mixin/]: Mixing MixinWorldChunk from xaerohud.mixins.json into net.minecraft.world.level.chunk.LevelChunk
[186月2026 11:07:06.237] [pool-4-thread-1/DEBUG] [net.minecraftforge.coremod.transformer.CoreModBaseTransformer/COREMOD]: Transforming net/minecraft/world/entity/npc/Villager
[186月2026 11:07:06.323] [pool-4-thread-1/DEBUG] [mixin/]: Mixing ArmorMaterialsMixin from customnpcs.mixins.json into net.minecraft.world.item.ArmorMaterials
[186月2026 11:07:06.336] [pool-4-thread-1/DEBUG] [net.minecraftforge.coremod.transformer.CoreModBaseTransformer/COREMOD]: Transforming net/minecraft/world/effect/MobEffectInstance
[186月2026 11:07:06.396] [pool-4-thread-1/DEBUG] [mixin/]: Mixing ScoreBoardMixin from customnpcs.mixins.json into net.minecraft.world.scores.Scoreboard
[186月2026 11:07:06.473] [pool-4-thread-1/DEBUG] [mixin/]: Mixing SlotMixin from customnpcs.mixins.json into net.minecraft.world.inventory.Slot
[186月2026 11:07:06.476] [pool-4-thread-1/DEBUG] [net.minecraftforge.coremod.transformer.CoreModBaseTransformer/COREMOD]: Transforming net/minecraft/world/item/ItemStack
[186月2026 11:07:06.677] [pool-4-thread-1/DEBUG] [net.minecraftforge.coremod.transformer.CoreModBaseTransformer/COREMOD]: Transforming net/minecraft/world/level/levelgen/structure/Structure
[186月2026 11:07:06.706] [pool-4-thread-1/DEBUG] [net.minecraftforge.coremod.transformer.CoreModBaseTransformer/COREMOD]: Transforming net/minecraft/world/level/levelgen/structure/structures/OceanRuinPieces$OceanRuinPiece
[186月2026 11:07:06.716] [pool-4-thread-1/DEBUG] [net.minecraftforge.coremod.transformer.CoreModBaseTransformer/COREMOD]: Transforming net/minecraft/world/level/levelgen/structure/structures/SwampHutPiece
[186月2026 11:07:06.720] [pool-4-thread-1/DEBUG] [net.minecraftforge.coremod.transformer.CoreModBaseTransformer/COREMOD]: Transforming net/minecraft/world/level/levelgen/structure/structures/OceanMonumentPieces$OceanMonumentPiece
[186月2026 11:07:06.733] [pool-4-thread-1/DEBUG] [net.minecraftforge.coremod.transformer.CoreModBaseTransformer/COREMOD]: Transforming net/minecraft/world/level/levelgen/structure/structures/WoodlandMansionPieces$WoodlandMansionPiece
[186月2026 11:07:06.812] [pool-4-thread-1/DEBUG] [net.minecraftforge.coremod.transformer.CoreModBaseTransformer/COREMOD]: Transforming net/minecraft/world/level/biome/Biome
[186月2026 11:07:06.862] [pool-4-thread-1/DEBUG] [mixin/]: Mixing NoiseChunkGeneratorMixin from customnpcs.mixins.json into net.minecraft.world.level.levelgen.NoiseBasedChunkGenerator
[186月2026 11:07:06.867] [pool-4-thread-1/DEBUG] [net.minecraftforge.coremod.transformer.CoreModBaseTransformer/COREMOD]: Transforming net/minecraft/world/level/biome/Biome
[186月2026 11:07:06.970] [pool-4-thread-1/DEBUG] [net.minecraftforge.registries.GameData/REGISTRIES]: Creating vanilla freeze snapshot
[186月2026 11:07:06.973] [pool-4-thread-1/DEBUG] [net.minecraftforge.registries.ForgeRegistry/REGISTRIES]: Registry minecraft:block Sync: VANILLA -> ACTIVE
[186月2026 11:07:06.986] [pool-4-thread-1/DEBUG] [net.minecraftforge.registries.ForgeRegistry/REGISTRIES]: Registry minecraft:fluid Sync: VANILLA -> ACTIVE
[186月2026 11:07:06.986] [pool-4-thread-1/DEBUG] [net.minecraftforge.registries.ForgeRegistry/REGISTRIES]: Registry minecraft:item Sync: VANILLA -> ACTIVE
[186月2026 11:07:06.992] [pool-4-thread-1/DEBUG] [net.minecraftforge.registries.ForgeRegistry/REGISTRIES]: Registry minecraft:mob_effect Sync: VANILLA -> ACTIVE
[186月2026 11:07:06.992] [pool-4-thread-1/DEBUG] [net.minecraftforge.registries.ForgeRegistry/REGISTRIES]: Registry minecraft:sound_event Sync: VANILLA -> ACTIVE
[186月2026 11:07:06.998] [pool-4-thread-1/DEBUG] [net.minecraftforge.registries.ForgeRegistry/REGISTRIES]: Registry minecraft:potion Sync: VANILLA -> ACTIVE
[186月2026 11:07:06.998] [pool-4-thread-1/DEBUG] [net.minecraftforge.registries.ForgeRegistry/REGISTRIES]: Registry minecraft:enchantment Sync: VANILLA -> ACTIVE
[186月2026 11:07:06.998] [pool-4-thread-1/DEBUG] [net.minecraftforge.registries.ForgeRegistry/REGISTRIES]: Registry minecraft:entity_type Sync: VANILLA -> ACTIVE
[186月2026 11:07:06.999] [pool-4-thread-1/DEBUG] [net.minecraftforge.registries.ForgeRegistry/REGISTRIES]: Registry minecraft:block_entity_type Sync: VANILLA -> ACTIVE
[186月2026 11:07:06.999] [pool-4-thread-1/DEBUG] [net.minecraftforge.registries.ForgeRegistry/REGISTRIES]: Registry minecraft:particle_type Sync: VANILLA -> ACTIVE
[186月2026 11:07:06.999] [pool-4-thread-1/DEBUG] [net.minecraftforge.registries.ForgeRegistry/REGISTRIES]: Registry minecraft:menu Sync: VANILLA -> ACTIVE
[186月2026 11:07:06.999] [pool-4-thread-1/DEBUG] [net.minecraftforge.registries.ForgeRegistry/REGISTRIES]: Registry minecraft:painting_variant Sync: VANILLA -> ACTIVE
[186月2026 11:07:06.999] [pool-4-thread-1/DEBUG] [net.minecraftforge.registries.ForgeRegistry/REGISTRIES]: Registry minecraft:recipe_type Sync: VANILLA -> ACTIVE
[186月2026 11:07:07.000] [pool-4-thread-1/DEBUG] [net.minecraftforge.registries.ForgeRegistry/REGISTRIES]: Registry minecraft:recipe_serializer Sync: VANILLA -> ACTIVE
[186月2026 11:07:07.000] [pool-4-thread-1/DEBUG] [net.minecraftforge.registries.ForgeRegistry/REGISTRIES]: Registry minecraft:attribute Sync: VANILLA -> ACTIVE
[186月2026 11:07:07.000] [pool-4-thread-1/DEBUG] [net.minecraftforge.registries.ForgeRegistry/REGISTRIES]: Registry minecraft:stat_type Sync: VANILLA -> ACTIVE
[186月2026 11:07:07.000] [pool-4-thread-1/DEBUG] [net.minecraftforge.registries.ForgeRegistry/REGISTRIES]: Registry minecraft:command_argument_type Sync: VANILLA -> ACTIVE
[186月2026 11:07:07.000] [pool-4-thread-1/DEBUG] [net.minecraftforge.registries.ForgeRegistry/REGISTRIES]: Registry minecraft:villager_profession Sync: VANILLA -> ACTIVE
[186月2026 11:07:07.000] [pool-4-thread-1/DEBUG] [net.minecraftforge.registries.ForgeRegistry/REGISTRIES]: Registry minecraft:point_of_interest_type Sync: VANILLA -> ACTIVE
[186月2026 11:07:07.002] [pool-4-thread-1/DEBUG] [net.minecraftforge.registries.ForgeRegistry/REGISTRIES]: Registry minecraft:memory_module_type Sync: VANILLA -> ACTIVE
[186月2026 11:07:07.002] [pool-4-thread-1/DEBUG] [net.minecraftforge.registries.ForgeRegistry/REGISTRIES]: Registry minecraft:sensor_type Sync: VANILLA -> ACTIVE
[186月2026 11:07:07.002] [pool-4-thread-1/DEBUG] [net.minecraftforge.registries.ForgeRegistry/REGISTRIES]: Registry minecraft:schedule Sync: VANILLA -> ACTIVE
[186月2026 11:07:07.002] [pool-4-thread-1/DEBUG] [net.minecraftforge.registries.ForgeRegistry/REGISTRIES]: Registry minecraft:activity Sync: VANILLA -> ACTIVE
[186月2026 11:07:07.002] [pool-4-thread-1/DEBUG] [net.minecraftforge.registries.ForgeRegistry/REGISTRIES]: Registry minecraft:worldgen/carver Sync: VANILLA -> ACTIVE
[186月2026 11:07:07.002] [pool-4-thread-1/DEBUG] [net.minecraftforge.registries.ForgeRegistry/REGISTRIES]: Registry minecraft:worldgen/feature Sync: VANILLA -> ACTIVE
[186月2026 11:07:07.002] [pool-4-thread-1/DEBUG] [net.minecraftforge.registries.ForgeRegistry/REGISTRIES]: Registry minecraft:chunk_status Sync: VANILLA -> ACTIVE
[186月2026 11:07:07.002] [pool-4-thread-1/DEBUG] [net.minecraftforge.registries.ForgeRegistry/REGISTRIES]: Registry minecraft:worldgen/block_state_provider_type Sync: VANILLA -> ACTIVE
[186月2026 11:07:07.002] [pool-4-thread-1/DEBUG] [net.minecraftforge.registries.ForgeRegistry/REGISTRIES]: Registry minecraft:worldgen/foliage_placer_type Sync: VANILLA -> ACTIVE
[186月2026 11:07:07.002] [pool-4-thread-1/DEBUG] [net.minecraftforge.registries.ForgeRegistry/REGISTRIES]: Registry minecraft:worldgen/tree_decorator_type Sync: VANILLA -> ACTIVE
[186月2026 11:07:07.002] [pool-4-thread-1/DEBUG] [net.minecraftforge.registries.ForgeRegistry/REGISTRIES]: Registry minecraft:worldgen/biome Sync: VANILLA -> ACTIVE
[186月2026 11:07:07.007] [pool-4-thread-1/DEBUG] [net.minecraftforge.registries.GameData/REGISTRIES]: Vanilla freeze snapshot created
[186月2026 11:07:07.012] [pool-4-thread-1/DEBUG] [mixin/]: Mixing MixinNetworkConstants from customnpcs.mixins.json into net.minecraftforge.network.NetworkConstants
[186月2026 11:07:07.013] [pool-4-thread-1/DEBUG] [mixin/]: Renaming @Accessor method getPlayChannel()Lnet/minecraftforge/network/simple/SimpleChannel; to getPlayChannel_$md$685b13$0 in customnpcs.mixins.json:MixinNetworkConstants
[186月2026 11:07:07.039] [pool-4-thread-1/DEBUG] [io.netty.util.internal.PlatformDependent0/]: -Dio.netty.noUnsafe: false
[186月2026 11:07:07.039] [pool-4-thread-1/DEBUG] [io.netty.util.internal.PlatformDependent0/]: Java version: 17
[186月2026 11:07:07.041] [pool-4-thread-1/DEBUG] [io.netty.util.internal.PlatformDependent0/]: sun.misc.Unsafe.theUnsafe: available
[186月2026 11:07:07.042] [pool-4-thread-1/DEBUG] [io.netty.util.internal.PlatformDependent0/]: sun.misc.Unsafe.copyMemory: available
[186月2026 11:07:07.043] [pool-4-thread-1/DEBUG] [io.netty.util.internal.PlatformDependent0/]: sun.misc.Unsafe.storeFence: available
[186月2026 11:07:07.043] [pool-4-thread-1/DEBUG] [io.netty.util.internal.PlatformDependent0/]: java.nio.Buffer.address: available
[186月2026 11:07:07.045] [pool-4-thread-1/DEBUG] [io.netty.util.internal.PlatformDependent0/]: direct buffer constructor: unavailable
java.lang.UnsupportedOperationException: Reflective setAccessible(true) disabled
	at io.netty.util.internal.ReflectionUtil.trySetAccessible(ReflectionUtil.java:31) ~[netty-common-4.1.82.Final.jar%23151!/:4.1.82.Final]
	at io.netty.util.internal.PlatformDependent0$5.run(PlatformDependent0.java:288) ~[netty-common-4.1.82.Final.jar%23151!/:4.1.82.Final]
	at java.security.AccessController.doPrivileged(AccessController.java:318) ~[?:?]
	at io.netty.util.internal.PlatformDependent0.<clinit>(PlatformDependent0.java:282) ~[netty-common-4.1.82.Final.jar%23151!/:4.1.82.Final]
	at io.netty.util.internal.PlatformDependent.isAndroid(PlatformDependent.java:333) ~[netty-common-4.1.82.Final.jar%23151!/:4.1.82.Final]
	at io.netty.util.internal.PlatformDependent.<clinit>(PlatformDependent.java:88) ~[netty-common-4.1.82.Final.jar%23151!/:4.1.82.Final]
	at io.netty.util.ConstantPool.<init>(ConstantPool.java:34) ~[netty-common-4.1.82.Final.jar%23151!/:4.1.82.Final]
	at io.netty.util.AttributeKey$1.<init>(AttributeKey.java:27) ~[netty-common-4.1.82.Final.jar%23151!/:4.1.82.Final]
	at io.netty.util.AttributeKey.<clinit>(AttributeKey.java:27) ~[netty-common-4.1.82.Final.jar%23151!/:4.1.82.Final]
	at net.minecraftforge.network.NetworkConstants.<clinit>(NetworkConstants.java:34) ~[forge-1.20.1-47.4.20_mapped_official_1.20.1-recomp.jar%23190%23197!/:?]
	at net.minecraftforge.network.NetworkHooks.init(NetworkHooks.java:52) ~[forge-1.20.1-47.4.20_mapped_official_1.20.1-recomp.jar%23190%23197!/:?]
	at net.minecraft.server.Bootstrap.bootStrap(Bootstrap.java:62) ~[forge-1.20.1-47.4.20_mapped_official_1.20.1-recomp.jar%23191!/:?]
	at net.minecraft.client.main.Main.lambda$main$0(Main.java:151) ~[forge-1.20.1-47.4.20_mapped_official_1.20.1-recomp.jar%23191!/:?]
	at java.util.concurrent.Executors$RunnableAdapter.call(Executors.java:539) ~[?:?]
	at java.util.concurrent.FutureTask.run(FutureTask.java:264) ~[?:?]
	at java.util.concurrent.ThreadPoolExecutor.runWorker(ThreadPoolExecutor.java:1136) ~[?:?]
	at java.util.concurrent.ThreadPoolExecutor$Worker.run(ThreadPoolExecutor.java:635) ~[?:?]
	at java.lang.Thread.run(Thread.java:840) ~[?:?]
[186月2026 11:07:07.048] [pool-4-thread-1/DEBUG] [io.netty.util.internal.PlatformDependent0/]: java.nio.Bits.unaligned: available, true
[186月2026 11:07:07.051] [pool-4-thread-1/DEBUG] [io.netty.util.internal.PlatformDependent0/]: jdk.internal.misc.Unsafe.allocateUninitializedArray(int): unavailable
java.lang.IllegalAccessException: class io.netty.util.internal.PlatformDependent0$7 (in module io.netty.common) cannot access class jdk.internal.misc.Unsafe (in module java.base) because module java.base does not export jdk.internal.misc to module io.netty.common
	at jdk.internal.reflect.Reflection.newIllegalAccessException(Reflection.java:392) ~[?:?]
	at java.lang.reflect.AccessibleObject.checkAccess(AccessibleObject.java:674) ~[?:?]
	at java.lang.reflect.Method.invoke(Method.java:561) ~[?:?]
	at io.netty.util.internal.PlatformDependent0$7.run(PlatformDependent0.java:410) ~[netty-common-4.1.82.Final.jar%23151!/:4.1.82.Final]
	at java.security.AccessController.doPrivileged(AccessController.java:318) ~[?:?]
	at io.netty.util.internal.PlatformDependent0.<clinit>(PlatformDependent0.java:401) ~[netty-common-4.1.82.Final.jar%23151!/:4.1.82.Final]
	at io.netty.util.internal.PlatformDependent.isAndroid(PlatformDependent.java:333) ~[netty-common-4.1.82.Final.jar%23151!/:4.1.82.Final]
	at io.netty.util.internal.PlatformDependent.<clinit>(PlatformDependent.java:88) ~[netty-common-4.1.82.Final.jar%23151!/:4.1.82.Final]
	at io.netty.util.ConstantPool.<init>(ConstantPool.java:34) ~[netty-common-4.1.82.Final.jar%23151!/:4.1.82.Final]
	at io.netty.util.AttributeKey$1.<init>(AttributeKey.java:27) ~[netty-common-4.1.82.Final.jar%23151!/:4.1.82.Final]
	at io.netty.util.AttributeKey.<clinit>(AttributeKey.java:27) ~[netty-common-4.1.82.Final.jar%23151!/:4.1.82.Final]
	at net.minecraftforge.network.NetworkConstants.<clinit>(NetworkConstants.java:34) ~[forge-1.20.1-47.4.20_mapped_official_1.20.1-recomp.jar%23190%23197!/:?]
	at net.minecraftforge.network.NetworkHooks.init(NetworkHooks.java:52) ~[forge-1.20.1-47.4.20_mapped_official_1.20.1-recomp.jar%23190%23197!/:?]
	at net.minecraft.server.Bootstrap.bootStrap(Bootstrap.java:62) ~[forge-1.20.1-47.4.20_mapped_official_1.20.1-recomp.jar%23191!/:?]
	at net.minecraft.client.main.Main.lambda$main$0(Main.java:151) ~[forge-1.20.1-47.4.20_mapped_official_1.20.1-recomp.jar%23191!/:?]
	at java.util.concurrent.Executors$RunnableAdapter.call(Executors.java:539) ~[?:?]
	at java.util.concurrent.FutureTask.run(FutureTask.java:264) ~[?:?]
	at java.util.concurrent.ThreadPoolExecutor.runWorker(ThreadPoolExecutor.java:1136) ~[?:?]
	at java.util.concurrent.ThreadPoolExecutor$Worker.run(ThreadPoolExecutor.java:635) ~[?:?]
	at java.lang.Thread.run(Thread.java:840) ~[?:?]
[186月2026 11:07:07.053] [pool-4-thread-1/DEBUG] [io.netty.util.internal.PlatformDependent0/]: java.nio.DirectByteBuffer.<init>(long, int): unavailable
[186月2026 11:07:07.053] [pool-4-thread-1/DEBUG] [io.netty.util.internal.PlatformDependent/]: sun.misc.Unsafe: available
[186月2026 11:07:07.055] [pool-4-thread-1/DEBUG] [io.netty.util.internal.PlatformDependent/]: maxDirectMemory: 17129537536 bytes (maybe)
[186月2026 11:07:07.055] [pool-4-thread-1/DEBUG] [io.netty.util.internal.PlatformDependent/]: -Dio.netty.tmpdir: C:\Users\w\AppData\Local\Temp (java.io.tmpdir)
[186月2026 11:07:07.056] [pool-4-thread-1/DEBUG] [io.netty.util.internal.PlatformDependent/]: -Dio.netty.bitMode: 64 (sun.arch.data.model)
[186月2026 11:07:07.056] [pool-4-thread-1/DEBUG] [io.netty.util.internal.PlatformDependent/]: Platform: Windows
[186月2026 11:07:07.057] [pool-4-thread-1/DEBUG] [io.netty.util.internal.PlatformDependent/]: -Dio.netty.maxDirectMemory: -1 bytes
[186月2026 11:07:07.057] [pool-4-thread-1/DEBUG] [io.netty.util.internal.PlatformDependent/]: -Dio.netty.uninitializedArrayAllocationThreshold: -1
[186月2026 11:07:07.061] [pool-4-thread-1/DEBUG] [io.netty.util.internal.CleanerJava9/]: java.nio.ByteBuffer.cleaner(): available
[186月2026 11:07:07.061] [pool-4-thread-1/DEBUG] [io.netty.util.internal.PlatformDependent/]: -Dio.netty.noPreferDirect: false
[186月2026 11:07:07.116] [pool-4-thread-1/DEBUG] [mixin/]: Mixing MixinOpenContainer from customnpcs.mixins.json into net.minecraftforge.network.PlayMessages$OpenContainer
[186月2026 11:07:07.116] [pool-4-thread-1/DEBUG] [mixin/]: Renaming @Invoker method OpenContainer(Lnet/minecraft/world/inventory/MenuType;ILnet/minecraft/network/chat/Component;Lnet/minecraft/network/FriendlyByteBuf;)Lnet/minecraftforge/network/PlayMessages$OpenContainer; to OpenContainer_$md$685b13$0 in customnpcs.mixins.json:MixinOpenContainer
[186月2026 11:07:07.121] [pool-4-thread-1/DEBUG] [net.minecraftforge.network.NetworkHooks/]: Loading Network data for FML net version: FML3
[186月2026 11:07:07.203] [Render thread/DEBUG] [mixin/]: Mixing MatrixStackMixin from customnpcs.mixins.json into com.mojang.blaze3d.vertex.PoseStack
[186月2026 11:07:07.212] [Render thread/DEBUG] [mixin/]: Mixing ScreenMixin from customnpcs.mixins.json into net.minecraft.client.gui.screens.Screen
[186月2026 11:07:07.222] [Render thread/DEBUG] [mixin/]: Mixing MixinClientLevel from xaerolib.mixins.json into net.minecraft.client.multiplayer.ClientLevel
[186月2026 11:07:07.222] [Render thread/DEBUG] [mixin/]: Mixing MixinClientWorld from xaerohud.mixins.json into net.minecraft.client.multiplayer.ClientLevel
[186月2026 11:07:07.231] [Render thread/DEBUG] [mixin/]: Mixing MixinClientPlayerEntity from xaerohud.mixins.json into net.minecraft.client.player.LocalPlayer
[186月2026 11:07:07.232] [Render thread/DEBUG] [mixin/]: Mixing MixinLocalPlayer from xaerohud.mixins.json into net.minecraft.client.player.LocalPlayer
[186月2026 11:07:07.237] [Render thread/DEBUG] [mixin/]: Mixing MixinAbstractClientPlayerEntity from xaerohud.mixins.json into net.minecraft.client.player.AbstractClientPlayer
[186月2026 11:07:07.238] [Render thread/DEBUG] [mixin/]: Mixing AbstractClientPlayerEntityMixin from customnpcs.mixins.json into net.minecraft.client.player.AbstractClientPlayer
[186月2026 11:07:07.312] [Render thread/WARN] [net.minecraft.server.packs.VanillaPackResourcesBuilder/]: Assets URL 'union:/C:/Users/w/.gradle/caches/forge_gradle/minecraft_user_repo/net/minecraftforge/forge/1.20.1-47.4.20_mapped_official_1.20.1/forge-1.20.1-47.4.20_mapped_official_1.20.1-recomp.jar%23191!/assets/.mcassetsroot' uses unexpected schema
[186月2026 11:07:07.313] [Render thread/WARN] [net.minecraft.server.packs.VanillaPackResourcesBuilder/]: Assets URL 'union:/C:/Users/w/.gradle/caches/forge_gradle/minecraft_user_repo/net/minecraftforge/forge/1.20.1-47.4.20_mapped_official_1.20.1/forge-1.20.1-47.4.20_mapped_official_1.20.1-recomp.jar%23191!/data/.mcassetsroot' uses unexpected schema
[186月2026 11:07:07.326] [Render thread/DEBUG] [mixin/]: Mixing PackRepositoryMixin from customnpcs.mixins.json into net.minecraft.server.packs.repository.PackRepository
[186月2026 11:07:07.345] [Render thread/INFO] [com.mojang.authlib.yggdrasil.YggdrasilAuthenticationService/]: Environment: authHost='https://authserver.mojang.com', accountsHost='https://api.mojang.com', sessionHost='https://sessionserver.mojang.com', servicesHost='https://api.minecraftservices.com', name='PROD'
[186月2026 11:07:07.351] [Render thread/INFO] [net.minecraft.client.Minecraft/]: Setting user: Dev
[186月2026 11:07:07.358] [Render thread/DEBUG] [net.minecraftforge.coremod.transformer.CoreModBaseTransformer/COREMOD]: Transforming isDown with desc ()Z
[186月2026 11:07:07.380] [Render thread/DEBUG] [mixin/]: Mixing MixinAbstractButton from xaerolib.mixins.json into net.minecraft.client.gui.components.AbstractButton
[186月2026 11:07:07.511] [Render thread/INFO] [net.minecraft.client.Minecraft/]: Backend library: LWJGL version 3.3.1 build 7
[186月2026 11:07:07.578] [Render thread/DEBUG] [mixin/]: Mixing MouseHelperMixin from customnpcs.mixins.json into net.minecraft.client.MouseHandler
[186月2026 11:07:07.667] [Render thread/DEBUG] [net.minecraftforge.common.ForgeI18n/CORE]: Loading I18N data entries: 6434
[186月2026 11:07:07.693] [Render thread/DEBUG] [net.minecraftforge.fml.ModWorkManager/LOADING]: Using 20 threads for parallel mod-loading
[186月2026 11:07:07.701] [Render thread/DEBUG] [net.minecraftforge.fml.javafmlmod.FMLJavaModLanguageProvider/LOADING]: Loading FMLModContainer from classloader cpw.mods.modlauncher.TransformingClassLoader@485caa8f - got cpw.mods.cl.ModuleClassLoader@78de58ea
[186月2026 11:07:07.702] [Render thread/DEBUG] [net.minecraftforge.fml.javafmlmod.FMLModContainer/LOADING]: Creating FMLModContainer instance for xaero.lib.XaeroLibForge
[186月2026 11:07:07.705] [Render thread/DEBUG] [net.minecraftforge.fml.javafmlmod.FMLJavaModLanguageProvider/LOADING]: Loading FMLModContainer from classloader cpw.mods.modlauncher.TransformingClassLoader@485caa8f - got cpw.mods.cl.ModuleClassLoader@78de58ea
[186月2026 11:07:07.705] [Render thread/DEBUG] [net.minecraftforge.fml.javafmlmod.FMLModContainer/LOADING]: Creating FMLModContainer instance for noppes.npcs.CustomNpcs
[186月2026 11:07:07.706] [Render thread/DEBUG] [net.minecraftforge.fml.javafmlmod.FMLJavaModLanguageProvider/LOADING]: Loading FMLModContainer from classloader cpw.mods.modlauncher.TransformingClassLoader@485caa8f - got cpw.mods.cl.ModuleClassLoader@78de58ea
[186月2026 11:07:07.706] [Render thread/DEBUG] [net.minecraftforge.fml.javafmlmod.FMLModContainer/LOADING]: Creating FMLModContainer instance for net.minecraftforge.common.ForgeMod
[186月2026 11:07:07.707] [Render thread/DEBUG] [net.minecraftforge.fml.javafmlmod.FMLJavaModLanguageProvider/LOADING]: Loading FMLModContainer from classloader cpw.mods.modlauncher.TransformingClassLoader@485caa8f - got cpw.mods.cl.ModuleClassLoader@78de58ea
[186月2026 11:07:07.708] [Render thread/DEBUG] [net.minecraftforge.fml.javafmlmod.FMLModContainer/LOADING]: Creating FMLModContainer instance for xaero.minimap.XaeroMinimapForge
[186月2026 11:07:07.709] [Render thread/DEBUG] [net.minecraftforge.fml.javafmlmod.FMLJavaModLanguageProvider/LOADING]: Loading FMLModContainer from classloader cpw.mods.modlauncher.TransformingClassLoader@485caa8f - got cpw.mods.cl.ModuleClassLoader@78de58ea
[186月2026 11:07:07.709] [Render thread/DEBUG] [net.minecraftforge.fml.javafmlmod.FMLModContainer/LOADING]: Creating FMLModContainer instance for sweda.cnpc_xwm_addon.Cnpc_xmm_addon
[186月2026 11:07:07.726] [modloading-worker-0/DEBUG] [net.minecraftforge.fml.javafmlmod.AutomaticEventSubscriber/LOADING]: Attempting to inject @EventBusSubscriber classes into the eventbus for cnpc_xwm_addon
[186月2026 11:07:07.734] [modloading-worker-0/DEBUG] [xaero.lib.XaeroLib/]: Loaded xaero.lib.platform.services.PlatformHelperForge@773817aa for service interface xaero.lib.platform.services.IPlatformHelper
[186月2026 11:07:07.736] [modloading-worker-0/DEBUG] [net.minecraftforge.fml.javafmlmod.AutomaticEventSubscriber/LOADING]: Auto-subscribing sweda.cnpc_xwm_addon.Config to MOD
[186月2026 11:07:07.755] [modloading-worker-0/DEBUG] [net.minecraftforge.versions.forge.ForgeVersion/CORE]: Forge Version package package net.minecraftforge.versions.forge, Forge, version 47.4 from cpw.mods.modlauncher.TransformingClassLoader@485caa8f
[186月2026 11:07:07.756] [modloading-worker-0/DEBUG] [net.minecraftforge.versions.forge.ForgeVersion/CORE]: Found Forge version 47.4.20
[186月2026 11:07:07.756] [modloading-worker-0/DEBUG] [net.minecraftforge.versions.forge.ForgeVersion/CORE]: Found Forge spec 47.4
[186月2026 11:07:07.756] [modloading-worker-0/DEBUG] [net.minecraftforge.versions.forge.ForgeVersion/CORE]: Found Forge group net.minecraftforge
[186月2026 11:07:07.758] [modloading-worker-0/DEBUG] [net.minecraftforge.versions.mcp.MCPVersion/CORE]: MCP Version package package net.minecraftforge.versions.mcp, Minecraft, version 1.20.1 from cpw.mods.modlauncher.TransformingClassLoader@485caa8f
[186月2026 11:07:07.758] [modloading-worker-0/DEBUG] [net.minecraftforge.versions.mcp.MCPVersion/CORE]: Found MC version information 1.20.1
[186月2026 11:07:07.758] [modloading-worker-0/DEBUG] [net.minecraftforge.versions.mcp.MCPVersion/CORE]: Found MCP version information 20230612.114412
[186月2026 11:07:07.758] [modloading-worker-0/INFO] [net.minecraftforge.common.ForgeMod/FORGEMOD]: Forge mod loading, version 47.4.20, for MC 1.20.1 with MCP 20230612.114412
[186月2026 11:07:07.761] [modloading-worker-0/INFO] [net.minecraftforge.common.MinecraftForge/FORGE]: MinecraftForge v47.4.20 Initialized
[186月2026 11:07:07.772] [modloading-worker-0/DEBUG] [xaero.hud.minimap.MinimapLogs/]: Loaded xaero.common.platform.services.ForgePlatformHelper@105d874b for service interface xaero.common.platform.services.IPlatformHelper
[186月2026 11:07:07.823] [modloading-worker-0/DEBUG] [mixin/]: Mixing MixinMinecraftServer from xaerohud.mixins.json into net.minecraft.server.MinecraftServer
[186月2026 11:07:07.873] [modloading-worker-0/DEBUG] [net.minecraftforge.fml.javafmlmod.AutomaticEventSubscriber/LOADING]: Attempting to inject @EventBusSubscriber classes into the eventbus for customnpcs
[186月2026 11:07:07.873] [modloading-worker-0/DEBUG] [net.minecraftforge.fml.javafmlmod.AutomaticEventSubscriber/LOADING]: Auto-subscribing noppes.npcs.client.OverlayEventHandler to FORGE
[186月2026 11:07:07.876] [modloading-worker-0/INFO] [xaero.common.HudMod/]: Registering common data for channel xaerominimap:main!
[186月2026 11:07:07.879] [modloading-worker-0/DEBUG] [net.minecraftforge.fml.javafmlmod.AutomaticEventSubscriber/LOADING]: Auto-subscribing noppes.npcs.client.CustomRenderers to MOD
[186月2026 11:07:07.886] [modloading-worker-0/DEBUG] [net.minecraftforge.fml.config.ConfigTracker/CONFIG]: Config file forge-client.toml for forge tracking
[186月2026 11:07:07.886] [modloading-worker-0/DEBUG] [net.minecraftforge.fml.config.ConfigTracker/CONFIG]: Config file forge-server.toml for forge tracking
[186月2026 11:07:07.887] [modloading-worker-0/DEBUG] [net.minecraftforge.fml.ModLoadingContext/]: Attempted to register an empty config for type COMMON on mod forge
[186月2026 11:07:07.887] [modloading-worker-0/DEBUG] [mixin/]: Mixing LivingRenderer2Mixin from customnpcs.mixins.json into net.minecraft.client.renderer.entity.LivingEntityRenderer
[186月2026 11:07:07.892] [modloading-worker-0/DEBUG] [mixin/]: Mixing LivingRenderer3Mixin from customnpcs.mixins.json into net.minecraft.client.renderer.entity.LivingEntityRenderer
[186月2026 11:07:07.895] [modloading-worker-0/DEBUG] [mixin/]: Mixing LivingRendererMixin from customnpcs.mixins.json into net.minecraft.client.renderer.entity.LivingEntityRenderer
[186月2026 11:07:07.911] [modloading-worker-0/DEBUG] [mixin/]: Mixing BipedBodyMixin from customnpcs.mixins.json into net.minecraft.client.model.HumanoidModel
[186月2026 11:07:07.928] [modloading-worker-0/DEBUG] [mixin/]: Mixing AgeableModelMixin from customnpcs.mixins.json into net.minecraft.client.model.AgeableListModel
[186月2026 11:07:07.933] [modloading-worker-0/DEBUG] [mixin/]: Mixing MixinAnimalModel from xaerohud.mixins.json into net.minecraft.client.model.AgeableListModel
[186月2026 11:07:07.953] [modloading-worker-0/DEBUG] [net.minecraftforge.fml.javafmlmod.AutomaticEventSubscriber/LOADING]: Auto-subscribing noppes.npcs.client.CustomKeybinds to MOD
[186月2026 11:07:07.956] [modloading-worker-0/DEBUG] [net.minecraftforge.fml.javafmlmod.AutomaticEventSubscriber/LOADING]: Auto-subscribing noppes.npcs.SkinEventHandler to FORGE
[186月2026 11:07:07.962] [modloading-worker-0/DEBUG] [net.minecraftforge.fml.javafmlmod.AutomaticEventSubscriber/LOADING]: Auto-subscribing noppes.npcs.CustomItems to MOD
[186月2026 11:07:07.964] [modloading-worker-0/DEBUG] [net.minecraftforge.fml.javafmlmod.AutomaticEventSubscriber/LOADING]: Auto-subscribing noppes.npcs.CustomEntities to MOD
[186月2026 11:07:07.968] [modloading-worker-0/DEBUG] [net.minecraftforge.fml.javafmlmod.AutomaticEventSubscriber/LOADING]: Auto-subscribing noppes.npcs.CustomContainer to MOD
[186月2026 11:07:07.973] [modloading-worker-0/DEBUG] [net.minecraftforge.fml.javafmlmod.AutomaticEventSubscriber/LOADING]: Attempting to inject @EventBusSubscriber classes into the eventbus for forge
[186月2026 11:07:07.973] [modloading-worker-0/DEBUG] [net.minecraftforge.fml.javafmlmod.AutomaticEventSubscriber/LOADING]: Auto-subscribing net.minecraftforge.common.ForgeSpawnEggItem$CommonHandler to MOD
[186月2026 11:07:07.977] [modloading-worker-0/DEBUG] [net.minecraftforge.fml.javafmlmod.AutomaticEventSubscriber/LOADING]: Auto-subscribing net.minecraftforge.common.ForgeSpawnEggItem$ColorRegisterHandler to MOD
[186月2026 11:07:07.978] [modloading-worker-0/DEBUG] [net.minecraftforge.fml.javafmlmod.AutomaticEventSubscriber/LOADING]: Auto-subscribing noppes.npcs.CustomBlocks to MOD
[186月2026 11:07:07.985] [modloading-worker-0/DEBUG] [net.minecraftforge.fml.javafmlmod.AutomaticEventSubscriber/LOADING]: Auto-subscribing net.minecraftforge.client.model.data.ModelDataManager to FORGE
[186月2026 11:07:07.988] [modloading-worker-0/DEBUG] [net.minecraftforge.fml.javafmlmod.AutomaticEventSubscriber/LOADING]: Auto-subscribing net.minecraftforge.client.ForgeHooksClient$ClientEvents to MOD
[186月2026 11:07:08.000] [modloading-worker-0/DEBUG] [mixin/]: Mixing ListNBTMixin from customnpcs.mixins.json into net.minecraft.nbt.ListTag
[186月2026 11:07:08.008] [modloading-worker-0/DEBUG] [net.minecraftforge.fml.javafmlmod.AutomaticEventSubscriber/LOADING]: Auto-subscribing net.minecraftforge.client.ClientForgeMod to MOD
[186月2026 11:07:08.021] [modloading-worker-0/INFO] [xaero.common.HudMod/]: Registering client data for channel xaerominimap:main!
[186月2026 11:07:08.090] [modloading-worker-0/INFO] [xaero.common.HudMod/]: Loading primary common config for channel xaerominimap:main!
[186月2026 11:07:08.104] [modloading-worker-0/INFO] [xaero.common.HudMod/]: Loading server config profiles for channel xaerominimap:main!
[186月2026 11:07:08.115] [modloading-worker-0/INFO] [xaero.common.HudMod/]: Loading primary client config for channel xaerominimap:main!
[186月2026 11:07:08.122] [modloading-worker-0/INFO] [xaero.common.HudMod/]: Loading client config profiles for channel xaerominimap:main!
[186月2026 11:07:08.134] [modloading-worker-0/INFO] [xaero.lib.XaeroLib/]: Registering common data for channel xaerolib:main!
[186月2026 11:07:08.135] [modloading-worker-0/INFO] [xaero.lib.XaeroLib/]: Registering client data for channel xaerolib:main!
[186月2026 11:07:08.135] [modloading-worker-0/INFO] [xaero.lib.XaeroLib/]: Loading primary common config for channel xaerolib:main!
[186月2026 11:07:08.144] [modloading-worker-0/INFO] [xaero.lib.XaeroLib/]: Loading server config profiles for channel xaerolib:main!
[186月2026 11:07:08.154] [modloading-worker-0/INFO] [xaero.lib.XaeroLib/]: Loading primary client config for channel xaerolib:main!
[186月2026 11:07:08.166] [modloading-worker-0/INFO] [xaero.lib.XaeroLib/]: Loading client config profiles for channel xaerolib:main!
[186月2026 11:07:08.181] [modloading-worker-0/DEBUG] [net.minecraftforge.fml.javafmlmod.AutomaticEventSubscriber/LOADING]: Attempting to inject @EventBusSubscriber classes into the eventbus for xaerominimap
[186月2026 11:07:08.187] [modloading-worker-0/DEBUG] [net.minecraftforge.fml.javafmlmod.AutomaticEventSubscriber/LOADING]: Attempting to inject @EventBusSubscriber classes into the eventbus for xaerolib
[186月2026 11:07:08.216] [Render thread/DEBUG] [net.minecraftforge.registries.ObjectHolderRegistry/REGISTRIES]: Processing ObjectHolder annotations
[186月2026 11:07:08.236] [Render thread/DEBUG] [net.minecraftforge.registries.ObjectHolderRegistry/REGISTRIES]: Found 3917 ObjectHolder annotations
[186月2026 11:07:08.239] [Render thread/DEBUG] [net.minecraftforge.common.capabilities.CapabilityManager/CAPABILITIES]: Attempting to automatically register: Lnet/minecraftforge/energy/IEnergyStorage;
[186月2026 11:07:08.240] [Render thread/DEBUG] [net.minecraftforge.common.capabilities.CapabilityManager/CAPABILITIES]: Attempting to automatically register: Lnet/minecraftforge/fluids/capability/IFluidHandler;
[186月2026 11:07:08.240] [Render thread/DEBUG] [net.minecraftforge.common.capabilities.CapabilityManager/CAPABILITIES]: Attempting to automatically register: Lnet/minecraftforge/fluids/capability/IFluidHandlerItem;
[186月2026 11:07:08.240] [Render thread/DEBUG] [net.minecraftforge.common.capabilities.CapabilityManager/CAPABILITIES]: Attempting to automatically register: Lnet/minecraftforge/items/IItemHandler;
[186月2026 11:07:08.240] [Render thread/DEBUG] [net.minecraftforge.registries.GameData/REGISTRIES]: Unfreezing vanilla registries
[186月2026 11:07:08.244] [Render thread/DEBUG] [net.minecraftforge.registries.GameData/REGISTRIES]: Applying holder lookups: minecraft:sound_event
[186月2026 11:07:08.247] [Render thread/DEBUG] [net.minecraftforge.registries.GameData/REGISTRIES]: Holder lookups applied: minecraft:sound_event
[186月2026 11:07:08.247] [Render thread/DEBUG] [net.minecraftforge.registries.GameData/REGISTRIES]: Applying holder lookups: minecraft:fluid
[186月2026 11:07:08.248] [Render thread/DEBUG] [net.minecraftforge.registries.GameData/REGISTRIES]: Holder lookups applied: minecraft:fluid
[186月2026 11:07:08.276] [Render thread/DEBUG] [net.minecraftforge.registries.GameData/REGISTRIES]: Applying holder lookups: minecraft:block
[186月2026 11:07:08.277] [Render thread/DEBUG] [net.minecraftforge.registries.GameData/REGISTRIES]: Holder lookups applied: minecraft:block
[186月2026 11:07:08.279] [Render thread/DEBUG] [net.minecraftforge.registries.GameData/REGISTRIES]: Applying holder lookups: minecraft:attribute
[186月2026 11:07:08.279] [Render thread/DEBUG] [net.minecraftforge.registries.GameData/REGISTRIES]: Holder lookups applied: minecraft:attribute
[186月2026 11:07:08.283] [Render thread/DEBUG] [net.minecraftforge.registries.GameData/REGISTRIES]: Applying holder lookups: minecraft:mob_effect
[186月2026 11:07:08.284] [Render thread/DEBUG] [net.minecraftforge.registries.GameData/REGISTRIES]: Holder lookups applied: minecraft:mob_effect
[186月2026 11:07:08.284] [Render thread/DEBUG] [net.minecraftforge.registries.GameData/REGISTRIES]: Applying holder lookups: minecraft:particle_type
[186月2026 11:07:08.284] [Render thread/DEBUG] [net.minecraftforge.registries.GameData/REGISTRIES]: Holder lookups applied: minecraft:particle_type
[186月2026 11:07:08.349] [Render thread/DEBUG] [net.minecraftforge.registries.GameData/REGISTRIES]: Applying holder lookups: minecraft:item
[186月2026 11:07:08.351] [Render thread/DEBUG] [net.minecraftforge.registries.GameData/REGISTRIES]: Holder lookups applied: minecraft:item
[186月2026 11:07:08.371] [Render thread/DEBUG] [net.minecraftforge.registries.GameData/REGISTRIES]: Applying holder lookups: minecraft:entity_type
[186月2026 11:07:08.371] [Render thread/DEBUG] [net.minecraftforge.registries.GameData/REGISTRIES]: Holder lookups applied: minecraft:entity_type
[186月2026 11:07:08.371] [Render thread/DEBUG] [net.minecraftforge.registries.GameData/REGISTRIES]: Applying holder lookups: minecraft:sensor_type
[186月2026 11:07:08.372] [Render thread/DEBUG] [net.minecraftforge.registries.GameData/REGISTRIES]: Holder lookups applied: minecraft:sensor_type
[186月2026 11:07:08.372] [Render thread/DEBUG] [net.minecraftforge.registries.GameData/REGISTRIES]: Applying holder lookups: minecraft:memory_module_type
[186月2026 11:07:08.372] [Render thread/DEBUG] [net.minecraftforge.registries.GameData/REGISTRIES]: Holder lookups applied: minecraft:memory_module_type
[186月2026 11:07:08.372] [Render thread/DEBUG] [net.minecraftforge.registries.GameData/REGISTRIES]: Applying holder lookups: minecraft:potion
[186月2026 11:07:08.372] [Render thread/DEBUG] [net.minecraftforge.registries.GameData/REGISTRIES]: Holder lookups applied: minecraft:potion
[186月2026 11:07:08.372] [Render thread/DEBUG] [net.minecraftforge.registries.GameData/REGISTRIES]: Applying holder lookups: minecraft:game_event
[186月2026 11:07:08.373] [Render thread/DEBUG] [net.minecraftforge.registries.GameData/REGISTRIES]: Holder lookups applied: minecraft:game_event
[186月2026 11:07:08.373] [Render thread/DEBUG] [net.minecraftforge.registries.GameData/REGISTRIES]: Applying holder lookups: minecraft:enchantment
[186月2026 11:07:08.373] [Render thread/DEBUG] [net.minecraftforge.registries.GameData/REGISTRIES]: Holder lookups applied: minecraft:enchantment
[186月2026 11:07:08.377] [Render thread/DEBUG] [net.minecraftforge.registries.GameData/REGISTRIES]: Applying holder lookups: minecraft:block_entity_type
[186月2026 11:07:08.377] [Render thread/DEBUG] [net.minecraftforge.registries.GameData/REGISTRIES]: Holder lookups applied: minecraft:block_entity_type
[186月2026 11:07:08.377] [Render thread/DEBUG] [net.minecraftforge.registries.GameData/REGISTRIES]: Applying holder lookups: minecraft:painting_variant
[186月2026 11:07:08.377] [Render thread/DEBUG] [net.minecraftforge.registries.GameData/REGISTRIES]: Holder lookups applied: minecraft:painting_variant
[186月2026 11:07:08.377] [Render thread/DEBUG] [net.minecraftforge.registries.GameData/REGISTRIES]: Applying holder lookups: minecraft:stat_type
[186月2026 11:07:08.378] [Render thread/DEBUG] [net.minecraftforge.registries.GameData/REGISTRIES]: Holder lookups applied: minecraft:stat_type
[186月2026 11:07:08.378] [Render thread/DEBUG] [net.minecraftforge.registries.GameData/REGISTRIES]: Applying holder lookups: minecraft:custom_stat
[186月2026 11:07:08.378] [Render thread/DEBUG] [net.minecraftforge.registries.GameData/REGISTRIES]: Holder lookups applied: minecraft:custom_stat
[186月2026 11:07:08.378] [Render thread/DEBUG] [net.minecraftforge.registries.GameData/REGISTRIES]: Applying holder lookups: minecraft:chunk_status
[186月2026 11:07:08.378] [Render thread/DEBUG] [net.minecraftforge.registries.GameData/REGISTRIES]: Holder lookups applied: minecraft:chunk_status
[186月2026 11:07:08.378] [Render thread/DEBUG] [net.minecraftforge.registries.GameData/REGISTRIES]: Applying holder lookups: minecraft:rule_test
[186月2026 11:07:08.378] [Render thread/DEBUG] [net.minecraftforge.registries.GameData/REGISTRIES]: Holder lookups applied: minecraft:rule_test
[186月2026 11:07:08.379] [Render thread/DEBUG] [net.minecraftforge.registries.GameData/REGISTRIES]: Applying holder lookups: minecraft:rule_block_entity_modifier
[186月2026 11:07:08.379] [Render thread/DEBUG] [net.minecraftforge.registries.GameData/REGISTRIES]: Holder lookups applied: minecraft:rule_block_entity_modifier
[186月2026 11:07:08.379] [Render thread/DEBUG] [net.minecraftforge.registries.GameData/REGISTRIES]: Applying holder lookups: minecraft:pos_rule_test
[186月2026 11:07:08.379] [Render thread/DEBUG] [net.minecraftforge.registries.GameData/REGISTRIES]: Holder lookups applied: minecraft:pos_rule_test
[186月2026 11:07:08.381] [Render thread/DEBUG] [net.minecraftforge.registries.GameData/REGISTRIES]: Applying holder lookups: minecraft:menu
[186月2026 11:07:08.381] [Render thread/DEBUG] [net.minecraftforge.registries.GameData/REGISTRIES]: Holder lookups applied: minecraft:menu
[186月2026 11:07:08.381] [Render thread/DEBUG] [net.minecraftforge.registries.GameData/REGISTRIES]: Applying holder lookups: minecraft:recipe_type
[186月2026 11:07:08.381] [Render thread/DEBUG] [net.minecraftforge.registries.GameData/REGISTRIES]: Holder lookups applied: minecraft:recipe_type
[186月2026 11:07:08.390] [Render thread/DEBUG] [net.minecraftforge.registries.GameData/REGISTRIES]: Applying holder lookups: minecraft:recipe_serializer
[186月2026 11:07:08.391] [Render thread/DEBUG] [net.minecraftforge.registries.GameData/REGISTRIES]: Holder lookups applied: minecraft:recipe_serializer
[186月2026 11:07:08.391] [Render thread/DEBUG] [net.minecraftforge.registries.GameData/REGISTRIES]: Applying holder lookups: minecraft:position_source_type
[186月2026 11:07:08.391] [Render thread/DEBUG] [net.minecraftforge.registries.GameData/REGISTRIES]: Holder lookups applied: minecraft:position_source_type
[186月2026 11:07:08.395] [Render thread/DEBUG] [net.minecraftforge.registries.GameData/REGISTRIES]: Applying holder lookups: minecraft:command_argument_type
[186月2026 11:07:08.395] [Render thread/DEBUG] [net.minecraftforge.registries.GameData/REGISTRIES]: Holder lookups applied: minecraft:command_argument_type
[186月2026 11:07:08.395] [Render thread/DEBUG] [net.minecraftforge.registries.GameData/REGISTRIES]: Applying holder lookups: minecraft:villager_type
[186月2026 11:07:08.396] [Render thread/DEBUG] [net.minecraftforge.registries.GameData/REGISTRIES]: Holder lookups applied: minecraft:villager_type
[186月2026 11:07:08.396] [Render thread/DEBUG] [net.minecraftforge.registries.GameData/REGISTRIES]: Applying holder lookups: minecraft:villager_profession
[186月2026 11:07:08.397] [Render thread/DEBUG] [net.minecraftforge.registries.GameData/REGISTRIES]: Holder lookups applied: minecraft:villager_profession
[186月2026 11:07:08.397] [Render thread/DEBUG] [net.minecraftforge.registries.GameData/REGISTRIES]: Applying holder lookups: minecraft:point_of_interest_type
[186月2026 11:07:08.397] [Render thread/DEBUG] [net.minecraftforge.registries.GameData/REGISTRIES]: Holder lookups applied: minecraft:point_of_interest_type
[186月2026 11:07:08.397] [Render thread/DEBUG] [net.minecraftforge.registries.GameData/REGISTRIES]: Applying holder lookups: minecraft:schedule
[186月2026 11:07:08.397] [Render thread/DEBUG] [net.minecraftforge.registries.GameData/REGISTRIES]: Holder lookups applied: minecraft:schedule
[186月2026 11:07:08.398] [Render thread/DEBUG] [net.minecraftforge.registries.GameData/REGISTRIES]: Applying holder lookups: minecraft:activity
[186月2026 11:07:08.398] [Render thread/DEBUG] [net.minecraftforge.registries.GameData/REGISTRIES]: Holder lookups applied: minecraft:activity
[186月2026 11:07:08.398] [Render thread/DEBUG] [net.minecraftforge.registries.GameData/REGISTRIES]: Applying holder lookups: minecraft:loot_pool_entry_type
[186月2026 11:07:08.398] [Render thread/DEBUG] [net.minecraftforge.registries.GameData/REGISTRIES]: Holder lookups applied: minecraft:loot_pool_entry_type
[186月2026 11:07:08.398] [Render thread/DEBUG] [net.minecraftforge.registries.GameData/REGISTRIES]: Applying holder lookups: minecraft:loot_function_type
[186月2026 11:07:08.398] [Render thread/DEBUG] [net.minecraftforge.registries.GameData/REGISTRIES]: Holder lookups applied: minecraft:loot_function_type
[186月2026 11:07:08.403] [Render thread/DEBUG] [net.minecraftforge.registries.GameData/REGISTRIES]: Applying holder lookups: minecraft:loot_condition_type
[186月2026 11:07:08.404] [Render thread/DEBUG] [net.minecraftforge.registries.GameData/REGISTRIES]: Holder lookups applied: minecraft:loot_condition_type
[186月2026 11:07:08.404] [Render thread/DEBUG] [net.minecraftforge.registries.GameData/REGISTRIES]: Applying holder lookups: minecraft:loot_number_provider_type
[186月2026 11:07:08.405] [Render thread/DEBUG] [net.minecraftforge.registries.GameData/REGISTRIES]: Holder lookups applied: minecraft:loot_number_provider_type
[186月2026 11:07:08.405] [Render thread/DEBUG] [net.minecraftforge.registries.GameData/REGISTRIES]: Applying holder lookups: minecraft:loot_nbt_provider_type
[186月2026 11:07:08.405] [Render thread/DEBUG] [net.minecraftforge.registries.GameData/REGISTRIES]: Holder lookups applied: minecraft:loot_nbt_provider_type
[186月2026 11:07:08.405] [Render thread/DEBUG] [net.minecraftforge.registries.GameData/REGISTRIES]: Applying holder lookups: minecraft:loot_score_provider_type
[186月2026 11:07:08.405] [Render thread/DEBUG] [net.minecraftforge.registries.GameData/REGISTRIES]: Holder lookups applied: minecraft:loot_score_provider_type
[186月2026 11:07:08.406] [Render thread/DEBUG] [net.minecraftforge.registries.GameData/REGISTRIES]: Applying holder lookups: minecraft:float_provider_type
[186月2026 11:07:08.406] [Render thread/DEBUG] [net.minecraftforge.registries.GameData/REGISTRIES]: Holder lookups applied: minecraft:float_provider_type
[186月2026 11:07:08.406] [Render thread/DEBUG] [net.minecraftforge.registries.GameData/REGISTRIES]: Applying holder lookups: minecraft:int_provider_type
[186月2026 11:07:08.406] [Render thread/DEBUG] [net.minecraftforge.registries.GameData/REGISTRIES]: Holder lookups applied: minecraft:int_provider_type
[186月2026 11:07:08.406] [Render thread/DEBUG] [net.minecraftforge.registries.GameData/REGISTRIES]: Applying holder lookups: minecraft:height_provider_type
[186月2026 11:07:08.406] [Render thread/DEBUG] [net.minecraftforge.registries.GameData/REGISTRIES]: Holder lookups applied: minecraft:height_provider_type
[186月2026 11:07:08.406] [Render thread/DEBUG] [net.minecraftforge.registries.GameData/REGISTRIES]: Applying holder lookups: minecraft:block_predicate_type
[186月2026 11:07:08.406] [Render thread/DEBUG] [net.minecraftforge.registries.GameData/REGISTRIES]: Holder lookups applied: minecraft:block_predicate_type
[186月2026 11:07:08.406] [Render thread/DEBUG] [net.minecraftforge.registries.GameData/REGISTRIES]: Applying holder lookups: minecraft:worldgen/carver
[186月2026 11:07:08.406] [Render thread/DEBUG] [net.minecraftforge.registries.GameData/REGISTRIES]: Holder lookups applied: minecraft:worldgen/carver
[186月2026 11:07:08.406] [Render thread/DEBUG] [net.minecraftforge.registries.GameData/REGISTRIES]: Applying holder lookups: minecraft:worldgen/feature
[186月2026 11:07:08.407] [Render thread/DEBUG] [net.minecraftforge.registries.GameData/REGISTRIES]: Holder lookups applied: minecraft:worldgen/feature
[186月2026 11:07:08.407] [Render thread/DEBUG] [net.minecraftforge.registries.GameData/REGISTRIES]: Applying holder lookups: minecraft:worldgen/structure_processor
[186月2026 11:07:08.407] [Render thread/DEBUG] [net.minecraftforge.registries.GameData/REGISTRIES]: Holder lookups applied: minecraft:worldgen/structure_processor
[186月2026 11:07:08.407] [Render thread/DEBUG] [net.minecraftforge.registries.GameData/REGISTRIES]: Applying holder lookups: minecraft:worldgen/structure_placement
[186月2026 11:07:08.408] [Render thread/DEBUG] [net.minecraftforge.registries.GameData/REGISTRIES]: Holder lookups applied: minecraft:worldgen/structure_placement
[186月2026 11:07:08.408] [Render thread/DEBUG] [net.minecraftforge.registries.GameData/REGISTRIES]: Applying holder lookups: minecraft:worldgen/structure_piece
[186月2026 11:07:08.408] [Render thread/DEBUG] [net.minecraftforge.registries.GameData/REGISTRIES]: Holder lookups applied: minecraft:worldgen/structure_piece
[186月2026 11:07:08.408] [Render thread/DEBUG] [net.minecraftforge.registries.GameData/REGISTRIES]: Applying holder lookups: minecraft:worldgen/structure_type
[186月2026 11:07:08.408] [Render thread/DEBUG] [net.minecraftforge.registries.GameData/REGISTRIES]: Holder lookups applied: minecraft:worldgen/structure_type
[186月2026 11:07:08.408] [Render thread/DEBUG] [net.minecraftforge.registries.GameData/REGISTRIES]: Applying holder lookups: minecraft:worldgen/placement_modifier_type
[186月2026 11:07:08.409] [Render thread/DEBUG] [net.minecraftforge.registries.GameData/REGISTRIES]: Holder lookups applied: minecraft:worldgen/placement_modifier_type
[186月2026 11:07:08.409] [Render thread/DEBUG] [net.minecraftforge.registries.GameData/REGISTRIES]: Applying holder lookups: minecraft:worldgen/block_state_provider_type
[186月2026 11:07:08.409] [Render thread/DEBUG] [net.minecraftforge.registries.GameData/REGISTRIES]: Holder lookups applied: minecraft:worldgen/block_state_provider_type
[186月2026 11:07:08.409] [Render thread/DEBUG] [net.minecraftforge.registries.GameData/REGISTRIES]: Applying holder lookups: minecraft:worldgen/foliage_placer_type
[186月2026 11:07:08.409] [Render thread/DEBUG] [net.minecraftforge.registries.GameData/REGISTRIES]: Holder lookups applied: minecraft:worldgen/foliage_placer_type
[186月2026 11:07:08.409] [Render thread/DEBUG] [net.minecraftforge.registries.GameData/REGISTRIES]: Applying holder lookups: minecraft:worldgen/trunk_placer_type
[186月2026 11:07:08.409] [Render thread/DEBUG] [net.minecraftforge.registries.GameData/REGISTRIES]: Holder lookups applied: minecraft:worldgen/trunk_placer_type
[186月2026 11:07:08.409] [Render thread/DEBUG] [net.minecraftforge.registries.GameData/REGISTRIES]: Applying holder lookups: minecraft:worldgen/root_placer_type
[186月2026 11:07:08.409] [Render thread/DEBUG] [net.minecraftforge.registries.GameData/REGISTRIES]: Holder lookups applied: minecraft:worldgen/root_placer_type
[186月2026 11:07:08.409] [Render thread/DEBUG] [net.minecraftforge.registries.GameData/REGISTRIES]: Applying holder lookups: minecraft:worldgen/tree_decorator_type
[186月2026 11:07:08.411] [Render thread/DEBUG] [net.minecraftforge.registries.GameData/REGISTRIES]: Holder lookups applied: minecraft:worldgen/tree_decorator_type
[186月2026 11:07:08.411] [Render thread/DEBUG] [net.minecraftforge.registries.GameData/REGISTRIES]: Applying holder lookups: minecraft:worldgen/feature_size_type
[186月2026 11:07:08.411] [Render thread/DEBUG] [net.minecraftforge.registries.GameData/REGISTRIES]: Holder lookups applied: minecraft:worldgen/feature_size_type
[186月2026 11:07:08.411] [Render thread/DEBUG] [net.minecraftforge.registries.GameData/REGISTRIES]: Applying holder lookups: minecraft:worldgen/biome_source
[186月2026 11:07:08.411] [Render thread/DEBUG] [net.minecraftforge.registries.GameData/REGISTRIES]: Holder lookups applied: minecraft:worldgen/biome_source
[186月2026 11:07:08.411] [Render thread/DEBUG] [net.minecraftforge.registries.GameData/REGISTRIES]: Applying holder lookups: minecraft:worldgen/chunk_generator
[186月2026 11:07:08.411] [Render thread/DEBUG] [net.minecraftforge.registries.GameData/REGISTRIES]: Holder lookups applied: minecraft:worldgen/chunk_generator
[186月2026 11:07:08.411] [Render thread/DEBUG] [net.minecraftforge.registries.GameData/REGISTRIES]: Applying holder lookups: minecraft:worldgen/material_condition
[186月2026 11:07:08.411] [Render thread/DEBUG] [net.minecraftforge.registries.GameData/REGISTRIES]: Holder lookups applied: minecraft:worldgen/material_condition
[186月2026 11:07:08.412] [Render thread/DEBUG] [net.minecraftforge.registries.GameData/REGISTRIES]: Applying holder lookups: minecraft:worldgen/material_rule
[186月2026 11:07:08.412] [Render thread/DEBUG] [net.minecraftforge.registries.GameData/REGISTRIES]: Holder lookups applied: minecraft:worldgen/material_rule
[186月2026 11:07:08.412] [Render thread/DEBUG] [net.minecraftforge.registries.GameData/REGISTRIES]: Applying holder lookups: minecraft:worldgen/density_function_type
[186月2026 11:07:08.412] [Render thread/DEBUG] [net.minecraftforge.registries.GameData/REGISTRIES]: Holder lookups applied: minecraft:worldgen/density_function_type
[186月2026 11:07:08.412] [Render thread/DEBUG] [net.minecraftforge.registries.GameData/REGISTRIES]: Applying holder lookups: minecraft:worldgen/structure_pool_element
[186月2026 11:07:08.412] [Render thread/DEBUG] [net.minecraftforge.registries.GameData/REGISTRIES]: Holder lookups applied: minecraft:worldgen/structure_pool_element
[186月2026 11:07:08.412] [Render thread/DEBUG] [net.minecraftforge.registries.GameData/REGISTRIES]: Applying holder lookups: minecraft:cat_variant
[186月2026 11:07:08.412] [Render thread/DEBUG] [net.minecraftforge.registries.GameData/REGISTRIES]: Holder lookups applied: minecraft:cat_variant
[186月2026 11:07:08.412] [Render thread/DEBUG] [net.minecraftforge.registries.GameData/REGISTRIES]: Applying holder lookups: minecraft:frog_variant
[186月2026 11:07:08.413] [Render thread/DEBUG] [net.minecraftforge.registries.GameData/REGISTRIES]: Holder lookups applied: minecraft:frog_variant
[186月2026 11:07:08.413] [Render thread/DEBUG] [net.minecraftforge.registries.GameData/REGISTRIES]: Applying holder lookups: minecraft:banner_pattern
[186月2026 11:07:08.413] [Render thread/DEBUG] [net.minecraftforge.registries.GameData/REGISTRIES]: Holder lookups applied: minecraft:banner_pattern
[186月2026 11:07:08.413] [Render thread/DEBUG] [net.minecraftforge.registries.GameData/REGISTRIES]: Applying holder lookups: minecraft:instrument
[186月2026 11:07:08.413] [Render thread/DEBUG] [net.minecraftforge.registries.GameData/REGISTRIES]: Holder lookups applied: minecraft:instrument
[186月2026 11:07:08.414] [Render thread/DEBUG] [net.minecraftforge.registries.GameData/REGISTRIES]: Applying holder lookups: minecraft:decorated_pot_patterns
[186月2026 11:07:08.414] [Render thread/DEBUG] [net.minecraftforge.registries.GameData/REGISTRIES]: Holder lookups applied: minecraft:decorated_pot_patterns
[186月2026 11:07:08.415] [Render thread/DEBUG] [net.minecraftforge.registries.GameData/REGISTRIES]: Applying holder lookups: minecraft:creative_mode_tab
[186月2026 11:07:08.415] [Render thread/DEBUG] [net.minecraftforge.registries.GameData/REGISTRIES]: Holder lookups applied: minecraft:creative_mode_tab
[186月2026 11:07:08.425] [Render thread/DEBUG] [net.minecraftforge.registries.GameData/REGISTRIES]: Applying holder lookups: forge:biome_modifier_serializers
[186月2026 11:07:08.425] [Render thread/DEBUG] [net.minecraftforge.registries.GameData/REGISTRIES]: Holder lookups applied: forge:biome_modifier_serializers
[186月2026 11:07:08.426] [Render thread/DEBUG] [net.minecraftforge.registries.GameData/REGISTRIES]: Applying holder lookups: forge:display_contexts
[186月2026 11:07:08.426] [Render thread/DEBUG] [net.minecraftforge.registries.GameData/REGISTRIES]: Holder lookups applied: forge:display_contexts
[186月2026 11:07:08.426] [Render thread/DEBUG] [net.minecraftforge.registries.GameData/REGISTRIES]: Applying holder lookups: forge:entity_data_serializers
[186月2026 11:07:08.427] [Render thread/DEBUG] [net.minecraftforge.registries.GameData/REGISTRIES]: Holder lookups applied: forge:entity_data_serializers
[186月2026 11:07:08.435] [Render thread/DEBUG] [net.minecraftforge.registries.GameData/REGISTRIES]: Applying holder lookups: forge:fluid_type
[186月2026 11:07:08.435] [Render thread/DEBUG] [net.minecraftforge.registries.GameData/REGISTRIES]: Holder lookups applied: forge:fluid_type
[186月2026 11:07:08.435] [Render thread/DEBUG] [net.minecraftforge.registries.GameData/REGISTRIES]: Applying holder lookups: forge:global_loot_modifier_serializers
[186月2026 11:07:08.436] [Render thread/DEBUG] [net.minecraftforge.registries.GameData/REGISTRIES]: Holder lookups applied: forge:global_loot_modifier_serializers
[186月2026 11:07:08.441] [Render thread/DEBUG] [net.minecraftforge.registries.GameData/REGISTRIES]: Applying holder lookups: forge:holder_set_type
[186月2026 11:07:08.441] [Render thread/DEBUG] [net.minecraftforge.registries.GameData/REGISTRIES]: Holder lookups applied: forge:holder_set_type
[186月2026 11:07:08.443] [Render thread/DEBUG] [net.minecraftforge.registries.GameData/REGISTRIES]: Applying holder lookups: forge:structure_modifier_serializers
[186月2026 11:07:08.443] [Render thread/DEBUG] [net.minecraftforge.registries.GameData/REGISTRIES]: Holder lookups applied: forge:structure_modifier_serializers
[186月2026 11:07:08.443] [Render thread/DEBUG] [net.minecraftforge.registries.GameData/REGISTRIES]: Applying holder lookups: minecraft:worldgen/biome
[186月2026 11:07:08.443] [Render thread/DEBUG] [net.minecraftforge.registries.GameData/REGISTRIES]: Holder lookups applied: minecraft:worldgen/biome
[186月2026 11:07:08.686] [Render thread/DEBUG] [net.minecraftforge.client.loading.ClientModLoader/CORE]: Generating PackInfo named mod:xaerolib for mod file 
[186月2026 11:07:08.687] [Render thread/DEBUG] [net.minecraftforge.client.loading.ClientModLoader/CORE]: Generating PackInfo named mod:customnpcs for mod file C:\Users\w\.gradle\caches\forge_gradle\deobf_dependencies\libs\CustomNPCs-1.20.1-1.20.1.20260227\0_mapped_official_1.20.1\CustomNPCs-1.20.1-1.20.1.20260227-0_mapped_official_1.20.1.jar
[186月2026 11:07:08.687] [Render thread/DEBUG] [net.minecraftforge.client.loading.ClientModLoader/CORE]: Generating PackInfo named mod:forge for mod file /
[186月2026 11:07:08.687] [Render thread/DEBUG] [net.minecraftforge.client.loading.ClientModLoader/CORE]: Generating PackInfo named mod:xaerominimap for mod file C:\Users\w\.gradle\caches\forge_gradle\deobf_dependencies\libs\xaerominimap-forge-1.20.1-26.1.0\0_mapped_official_1.20.1\xaerominimap-forge-1.20.1-26.1.0-0_mapped_official_1.20.1.jar
[186月2026 11:07:08.688] [Render thread/DEBUG] [net.minecraftforge.client.loading.ClientModLoader/CORE]: Generating PackInfo named mod:cnpc_xwm_addon for mod file F:\idea\develops\CNPC-XWM-addon\build\resources\main
[186月2026 11:07:08.709] [Render thread/DEBUG] [mixin/]: Mixing SkinManagerMixin from customnpcs.mixins.json into net.minecraft.client.resources.SkinManager
[186月2026 11:07:08.785] [Render thread/DEBUG] [mixin/]: Mixing MusicManagerMixin from customnpcs.mixins.json into net.minecraft.client.sounds.MusicManager
[186月2026 11:07:08.848] [Render thread/DEBUG] [mixin/]: Mixing ItemModelMesherMixin from customnpcs.mixins.json into net.minecraft.client.renderer.ItemModelShaper
[186月2026 11:07:09.131] [Render thread/DEBUG] [mixin/]: Mixing ParticleManagerMixin from customnpcs.mixins.json into net.minecraft.client.particle.ParticleEngine
[186月2026 11:07:09.187] [Render thread/DEBUG] [mixin/]: Mixing NetworkPlayerInfoMixin from customnpcs.mixins.json into net.minecraft.client.multiplayer.PlayerInfo
[186月2026 11:07:09.215] [Render thread/INFO] [net.minecraftforge.gametest.ForgeGameTestHooks/]: Enabled Gametest Namespaces: [cnpc_xwm_addon]
[186月2026 11:07:09.225] [Render thread/DEBUG] [mixin/]: Mixing MixinSinglePartEntityModel from xaerohud.mixins.json into net.minecraft.client.model.HierarchicalModel
[186月2026 11:07:09.230] [Render thread/DEBUG] [mixin/]: Mixing ArmorLayerMixin from customnpcs.mixins.json into net.minecraft.client.renderer.entity.layers.HumanoidArmorLayer
[186月2026 11:07:09.264] [Render thread/DEBUG] [mixin/]: Mixing MixinRabbitEntityModel from xaerohud.mixins.json into net.minecraft.client.model.RabbitModel
[186月2026 11:07:09.269] [Render thread/DEBUG] [mixin/]: Mixing MixinCompositeEntityModel from xaerohud.mixins.json into net.minecraft.client.model.ListModel
[186月2026 11:07:09.371] [Render thread/DEBUG] [mixin/]: Mixing MixinChatListener from xaerohud.mixins.json into net.minecraft.client.multiplayer.chat.ChatListener
[186月2026 11:07:09.391] [Render thread/INFO] [net.minecraft.server.packs.resources.ReloadableResourceManager/]: Reloading ResourceManager: vanilla, mod_resources, cnpcs
[186月2026 11:07:09.405] [modloading-worker-0/DEBUG] [net.minecraftforge.fml.config.ConfigTracker/CONFIG]: Loading configs type CLIENT
[186月2026 11:07:09.406] [modloading-worker-0/DEBUG] [net.minecraftforge.fml.config.ConfigFileTypeHandler/CONFIG]: Built TOML config for F:\idea\develops\CNPC-XWM-addon\run\config\forge-client.toml
[186月2026 11:07:09.406] [modloading-worker-0/DEBUG] [net.minecraftforge.fml.config.ConfigFileTypeHandler/CONFIG]: Loaded TOML config file F:\idea\develops\CNPC-XWM-addon\run\config\forge-client.toml
[186月2026 11:07:09.418] [modloading-worker-0/DEBUG] [net.minecraftforge.fml.config.ConfigFileTypeHandler/CONFIG]: Watching TOML config file F:\idea\develops\CNPC-XWM-addon\run\config\forge-client.toml for changes
[186月2026 11:07:09.439] [modloading-worker-0/DEBUG] [net.minecraftforge.common.ForgeConfig/FORGEMOD]: Loaded forge config file forge-client.toml
[186月2026 11:07:09.441] [modloading-worker-0/DEBUG] [net.minecraftforge.fml.config.ConfigTracker/CONFIG]: Loading configs type COMMON
[186月2026 11:07:09.447] [Worker-Main-11/INFO] [xaero.lib.XaeroLib/]: Loading XaeroLib common 1/2!
[186月2026 11:07:09.593] [Worker-Main-9/INFO] [net.minecraft.client.gui.font.providers.UnihexProvider/]: Found unifont_all_no_pua-15.0.06.hex, loading
[186月2026 11:07:09.696] [Forge Version Check/INFO] [net.minecraftforge.fml.VersionChecker/]: [forge] Starting version check at https://files.minecraftforge.net/net/minecraftforge/forge/promotions_slim.json
[186月2026 11:07:10.262] [Worker-Main-12/DEBUG] [mixin/]: Mixing WrapperNpcAPIMixin from cnpc_xwm_addon.mixins.json into noppes.npcs.api.wrapper.WrapperNpcAPI
[186月2026 11:07:10.262] [Worker-Main-12/DEBUG] [mixin/]: cnpc_xwm_addon.mixins.json:WrapperNpcAPIMixin: Class version 61 required is higher than the class version supported by the current version of Mixin (JAVA_8 supports class version 52)
[186月2026 11:07:10.501] [Worker-Main-12/DEBUG] [mixin/]: Mixing MixinPlayerList from xaerolib.mixins.json into net.minecraft.server.players.PlayerList
[186月2026 11:07:10.502] [Worker-Main-12/DEBUG] [mixin/]: Mixing MixinPlayerList from xaerohud.mixins.json into net.minecraft.server.players.PlayerList
[186月2026 11:07:10.552] [Worker-Main-12/DEBUG] [net.minecraftforge.coremod.transformer.CoreModBaseTransformer/COREMOD]: Transforming net/minecraft/world/entity/ai/village/VillageSiege
[186月2026 11:07:10.715] [Worker-Main-8/WARN] [net.minecraft.client.resources.model.ModelManager/]: Missing textures in model customnpcs:npcmailbox#inventory:
    minecraft:textures/atlas/blocks.png:customnpcs:blocks/mailbox1
[186月2026 11:07:10.715] [Worker-Main-8/WARN] [net.minecraft.client.resources.model.ModelManager/]: Missing textures in model customnpcs:npccarpentybench#inventory:
    minecraft:textures/atlas/blocks.png:customnpcs:block/carpentrybench
[186月2026 11:07:10.715] [Worker-Main-8/WARN] [net.minecraft.client.resources.model.ModelManager/]: Missing textures in model customnpcs:npcmailbox3#inventory:
    minecraft:textures/atlas/blocks.png:customnpcs:blocks/mailbox3
[186月2026 11:07:10.716] [Worker-Main-8/WARN] [net.minecraft.client.resources.model.ModelManager/]: Missing textures in model customnpcs:npcmailbox2#inventory:
    minecraft:textures/atlas/blocks.png:customnpcs:blocks/mailbox2
[186月2026 11:07:10.946] [Render thread/DEBUG] [mixin/]: Mixing ModelPartMixin from customnpcs.mixins.json into net.minecraft.client.model.geom.ModelPart
[186月2026 11:07:10.948] [Render thread/DEBUG] [mixin/]: Mixing ModelRendererMixin from customnpcs.mixins.json into net.minecraft.client.model.geom.ModelPart
[186月2026 11:07:10.951] [Render thread/DEBUG] [mixin/]: Mixing MixinModelPart from xaerohud.mixins.json into net.minecraft.client.model.geom.ModelPart
[186月2026 11:07:11.038] [Forge Version Check/DEBUG] [net.minecraftforge.fml.VersionChecker/]: [forge] Received version check data:
{
  "homepage": "https://files.minecraftforge.net/net/minecraftforge/forge/",
  "promos": {
    "1.1-latest": "1.3.4.29",
    "1.2.3-latest": "1.4.1.64",
    "1.2.4-latest": "2.0.0.68",
    "1.2.5-latest": "3.4.9.171",
    "1.3.2-latest": "4.3.5.318",
    "1.4.0-latest": "5.0.0.326",
    "1.4.1-latest": "6.0.0.329",
    "1.4.2-latest": "6.0.1.355",
    "1.4.3-latest": "6.2.1.358",
    "1.4.4-latest": "6.3.0.378",
    "1.4.5-latest": "6.4.2.448",
    "1.4.6-latest": "6.5.0.489",
    "1.4.7-latest": "6.6.2.534",
    "1.5-latest": "7.7.0.598",
    "1.5.1-latest": "7.7.2.682",
    "1.5.2-latest": "7.8.1.738",
    "1.5.2-recommended": "7.8.1.738",
    "1.6.1-latest": "8.9.0.775",
    "1.6.2-latest": "9.10.1.871",
    "1.6.2-recommended": "9.10.1.871",
    "1.6.3-latest": "9.11.0.878",
    "1.6.4-latest": "9.11.1.1345",
    "1.6.4-recommended": "9.11.1.1345",
    "1.7.2-latest": "10.12.2.1161",
    "1.7.2-recommended": "10.12.2.1161",
    "1.7.10-latest": "10.13.4.1614",
    "1.7.10-recommended": "10.13.4.1614",
    "1.8-latest": "11.14.4.1577",
    "1.8-recommended": "11.14.4.1563",
    "1.8.8-latest": "11.15.0.1655",
    "1.8.9-latest": "11.15.1.2318",
    "1.8.9-recommended": "11.15.1.2318",
    "1.9-latest": "12.16.1.1938",
    "1.9-recommended": "12.16.1.1887",
    "1.9.4-latest": "12.17.0.2317",
    "1.9.4-recommended": "12.17.0.2317",
    "1.10-latest": "12.18.0.2000",
    "1.10.2-latest": "12.18.3.2511",
    "1.10.2-recommended": "12.18.3.2511",
    "1.11-latest": "13.19.1.2199",
    "1.11-recommended": "13.19.1.2189",
    "1.11.2-latest": "13.20.1.2588",
    "1.11.2-recommended": "13.20.1.2588",
    "1.12-latest": "14.21.1.2443",
    "1.12-recommended": "14.21.1.2387",
    "1.12.1-latest": "14.22.1.2485",
    "1.12.1-recommended": "14.22.1.2478",
    "1.12.2-latest": "14.23.5.2864",
    "1.12.2-recommended": "14.23.5.2859",
    "1.13.2-latest": "25.0.223",
    "1.14.2-latest": "26.0.63",
    "1.14.3-latest": "27.0.60",
    "1.14.4-latest": "28.2.30",
    "1.14.4-recommended": "28.2.26",
    "1.15-latest": "29.0.4",
    "1.15.1-latest": "30.0.51",
    "1.15.2-latest": "31.2.60",
    "1.15.2-recommended": "31.2.57",
    "1.16.1-latest": "32.0.108",
    "1.16.2-latest": "33.0.61",
    "1.16.3-latest": "34.1.42",
    "1.16.3-recommended": "34.1.0",
    "1.16.4-latest": "35.1.37",
    "1.16.4-recommended": "35.1.4",
    "1.16.5-latest": "36.2.42",
    "1.16.5-recommended": "36.2.34",
    "1.17.1-latest": "37.1.1",
    "1.17.1-recommended": "37.1.1",
    "1.18-latest": "38.0.17",
    "1.18.1-latest": "39.1.2",
    "1.18.1-recommended": "39.1.0",
    "1.18.2-recommended": "40.3.0",
    "1.18.2-latest": "40.3.12",
    "1.19-latest": "41.1.0",
    "1.19-recommended": "41.1.0",
    "1.19.1-latest": "42.0.9",
    "1.19.2-recommended": "43.5.0",
    "1.19.2-latest": "43.5.2",
    "1.19.3-latest": "44.1.23",
    "1.19.3-recommended": "44.1.0",
    "1.19.4-recommended": "45.4.0",
    "1.19.4-latest": "45.4.3",
    "1.20-latest": "46.0.14",
    "1.20.1-recommended": "47.4.10",
    "1.20.1-latest": "47.4.20",
    "1.20.2-latest": "48.1.0",
    "1.20.2-recommended": "48.1.0",
    "1.20.3-latest": "49.0.2",
    "1.20.4-latest": "49.2.7",
    "1.20.4-recommended": "49.2.0",
    "1.20.6-latest": "50.2.8",
    "1.20.6-recommended": "50.2.0",
    "1.21-latest": "51.0.33",
    "1.21.1-latest": "52.1.14",
    "1.21.1-recommended": "52.1.0",
    "1.21.3-latest": "53.1.10",
    "1.21.3-recommended": "53.1.0",
    "1.21.4-latest": "54.1.16",
    "1.21.4-recommended": "54.1.14",
    "1.21.5-latest": "55.1.10",
    "1.21.5-recommended": "55.1.0",
    "1.21.6-latest": "56.0.9",
    "1.21.7-latest": "57.0.3",
    "1.21.8-latest": "58.1.18",
    "1.21.8-recommended": "58.1.0",
    "1.21.9-latest": "59.0.5",
    "1.21.10-latest": "60.1.9",
    "1.21.10-recommended": "60.1.0",
    "1.21.11-latest": "61.1.8",
    "1.21.11-recommended": "61.1.0",
    "26.1-latest": "62.0.9",
    "26.1.1-latest": "63.0.2",
    "26.1.2-latest": "64.0.9",
    "26.2-latest": "65.0.0"
  }
}
[186月2026 11:07:11.039] [Forge Version Check/INFO] [net.minecraftforge.fml.VersionChecker/]: [forge] Found status: AHEAD Current: 47.4.20 Target: null
[186月2026 11:07:11.218] [Render thread/DEBUG] [net.minecraftforge.fml.DeferredWorkQueue/LOADING]: Dispatching synchronous work for work queue COMMON_SETUP: 1 jobs
[186月2026 11:07:11.229] [Render thread/DEBUG] [net.minecraftforge.fml.DeferredWorkQueue/LOADING]: Synchronous work queue completed in 9.727 ms
[186月2026 11:07:11.231] [Worker-Main-13/INFO] [xaero.minimap.XaeroMinimap/]: Loading Xaero's Minimap - Stage 1/2
[186月2026 11:07:11.232] [Worker-Main-12/INFO] [xaero.lib.XaeroLib/]: Loading XaeroLib client 1/2!
[186月2026 11:07:11.240] [Render thread/WARN] [net.minecraft.client.renderer.ShaderInstance/]: Shader moreplayermodels:position_tex_normal could not find uniform named FogStart in the specified shader program.
[186月2026 11:07:11.240] [Render thread/WARN] [net.minecraft.client.renderer.ShaderInstance/]: Shader moreplayermodels:position_tex_normal could not find uniform named FogEnd in the specified shader program.
[186月2026 11:07:11.240] [Render thread/WARN] [net.minecraft.client.renderer.ShaderInstance/]: Shader moreplayermodels:position_tex_normal could not find uniform named FogColor in the specified shader program.
[186月2026 11:07:12.098] [Render thread/DEBUG] [net.minecraftforge.fml.DeferredWorkQueue/LOADING]: Dispatching synchronous work for work queue SIDED_SETUP: 2 jobs
[186月2026 11:07:12.098] [Render thread/INFO] [xaero.minimap.XaeroMinimap/]: Loading Xaero's Minimap - Stage 2/2
[186月2026 11:07:12.106] [Render thread/DEBUG] [mixin/]: Mixing MixinClientPacketListener from xaerolib.mixins.json into net.minecraft.client.multiplayer.ClientPacketListener
[186月2026 11:07:12.107] [Render thread/DEBUG] [mixin/]: Mixing ClientPlayNetHandlerMixin from customnpcs.mixins.json into net.minecraft.client.multiplayer.ClientPacketListener
[186月2026 11:07:12.110] [Render thread/DEBUG] [mixin/]: Mixing MixinClientPlayNetworkHandler from xaerohud.mixins.json into net.minecraft.client.multiplayer.ClientPacketListener
[186月2026 11:07:12.767] [Render thread/INFO] [xaero.hud.minimap.MinimapLogs/]: Registered player tracker system: minimap_synced
[186月2026 11:07:12.768] [Render thread/INFO] [xaero.hud.minimap.MinimapLogs/]: No Optifine!
[186月2026 11:07:12.768] [Render thread/INFO] [xaero.hud.minimap.MinimapLogs/]: Xaero's Minimap: No Vivecraft!
[186月2026 11:07:12.769] [Render thread/INFO] [xaero.lib.XaeroLib/]: Loading XaeroLib common 2/2!
[186月2026 11:07:12.769] [Render thread/INFO] [xaero.lib.XaeroLib/]: Loading XaeroLib client 2/2!
[186月2026 11:07:12.769] [Render thread/DEBUG] [net.minecraftforge.fml.DeferredWorkQueue/LOADING]: Synchronous work queue completed in 670.9 ms
[186月2026 11:07:12.878] [modloading-worker-0/DEBUG] [net.minecraftforge.registries.GameData/REGISTRIES]: Freezing registries
[186月2026 11:07:12.878] [modloading-worker-0/DEBUG] [net.minecraftforge.registries.ForgeRegistry/REGISTRIES]: Registry minecraft:block Sync: FROZEN -> ACTIVE
[186月2026 11:07:12.887] [modloading-worker-0/DEBUG] [net.minecraftforge.registries.ForgeRegistry/REGISTRIES]: Registry minecraft:fluid Sync: FROZEN -> ACTIVE
[186月2026 11:07:12.887] [modloading-worker-0/DEBUG] [net.minecraftforge.registries.ForgeRegistry/REGISTRIES]: Registry minecraft:item Sync: FROZEN -> ACTIVE
[186月2026 11:07:12.895] [modloading-worker-0/DEBUG] [net.minecraftforge.registries.ForgeRegistry/REGISTRIES]: Registry minecraft:mob_effect Sync: FROZEN -> ACTIVE
[186月2026 11:07:12.895] [modloading-worker-0/DEBUG] [net.minecraftforge.registries.ForgeRegistry/REGISTRIES]: Registry minecraft:sound_event Sync: FROZEN -> ACTIVE
[186月2026 11:07:12.908] [modloading-worker-0/DEBUG] [net.minecraftforge.registries.ForgeRegistry/REGISTRIES]: Registry minecraft:potion Sync: FROZEN -> ACTIVE
[186月2026 11:07:12.909] [modloading-worker-0/DEBUG] [net.minecraftforge.registries.ForgeRegistry/REGISTRIES]: Registry minecraft:enchantment Sync: FROZEN -> ACTIVE
[186月2026 11:07:12.909] [modloading-worker-0/DEBUG] [net.minecraftforge.registries.ForgeRegistry/REGISTRIES]: Registry minecraft:entity_type Sync: FROZEN -> ACTIVE
[186月2026 11:07:12.909] [modloading-worker-0/DEBUG] [net.minecraftforge.registries.ForgeRegistry/REGISTRIES]: Registry minecraft:block_entity_type Sync: FROZEN -> ACTIVE
[186月2026 11:07:12.909] [modloading-worker-0/DEBUG] [net.minecraftforge.registries.ForgeRegistry/REGISTRIES]: Registry minecraft:particle_type Sync: FROZEN -> ACTIVE
[186月2026 11:07:12.909] [modloading-worker-0/DEBUG] [net.minecraftforge.registries.ForgeRegistry/REGISTRIES]: Registry minecraft:menu Sync: FROZEN -> ACTIVE
[186月2026 11:07:12.910] [modloading-worker-0/DEBUG] [net.minecraftforge.registries.ForgeRegistry/REGISTRIES]: Registry minecraft:painting_variant Sync: FROZEN -> ACTIVE
[186月2026 11:07:12.910] [modloading-worker-0/DEBUG] [net.minecraftforge.registries.ForgeRegistry/REGISTRIES]: Registry minecraft:recipe_type Sync: FROZEN -> ACTIVE
[186月2026 11:07:12.910] [modloading-worker-0/DEBUG] [net.minecraftforge.registries.ForgeRegistry/REGISTRIES]: Registry minecraft:recipe_serializer Sync: FROZEN -> ACTIVE
[186月2026 11:07:12.910] [modloading-worker-0/DEBUG] [net.minecraftforge.registries.ForgeRegistry/REGISTRIES]: Registry minecraft:attribute Sync: FROZEN -> ACTIVE
[186月2026 11:07:12.910] [modloading-worker-0/DEBUG] [net.minecraftforge.registries.ForgeRegistry/REGISTRIES]: Registry minecraft:stat_type Sync: FROZEN -> ACTIVE
[186月2026 11:07:12.910] [modloading-worker-0/DEBUG] [net.minecraftforge.registries.ForgeRegistry/REGISTRIES]: Registry minecraft:command_argument_type Sync: FROZEN -> ACTIVE
[186月2026 11:07:12.911] [modloading-worker-0/DEBUG] [net.minecraftforge.registries.ForgeRegistry/REGISTRIES]: Registry minecraft:villager_profession Sync: FROZEN -> ACTIVE
[186月2026 11:07:12.911] [modloading-worker-0/DEBUG] [net.minecraftforge.registries.ForgeRegistry/REGISTRIES]: Registry minecraft:point_of_interest_type Sync: FROZEN -> ACTIVE
[186月2026 11:07:12.912] [modloading-worker-0/DEBUG] [net.minecraftforge.registries.ForgeRegistry/REGISTRIES]: Registry minecraft:memory_module_type Sync: FROZEN -> ACTIVE
[186月2026 11:07:12.912] [modloading-worker-0/DEBUG] [net.minecraftforge.registries.ForgeRegistry/REGISTRIES]: Registry minecraft:sensor_type Sync: FROZEN -> ACTIVE
[186月2026 11:07:12.912] [modloading-worker-0/DEBUG] [net.minecraftforge.registries.ForgeRegistry/REGISTRIES]: Registry minecraft:schedule Sync: FROZEN -> ACTIVE
[186月2026 11:07:12.912] [modloading-worker-0/DEBUG] [net.minecraftforge.registries.ForgeRegistry/REGISTRIES]: Registry minecraft:activity Sync: FROZEN -> ACTIVE
[186月2026 11:07:12.913] [modloading-worker-0/DEBUG] [net.minecraftforge.registries.ForgeRegistry/REGISTRIES]: Registry minecraft:worldgen/carver Sync: FROZEN -> ACTIVE
[186月2026 11:07:12.913] [modloading-worker-0/DEBUG] [net.minecraftforge.registries.ForgeRegistry/REGISTRIES]: Registry minecraft:worldgen/feature Sync: FROZEN -> ACTIVE
[186月2026 11:07:12.913] [modloading-worker-0/DEBUG] [net.minecraftforge.registries.ForgeRegistry/REGISTRIES]: Registry minecraft:chunk_status Sync: FROZEN -> ACTIVE
[186月2026 11:07:12.913] [modloading-worker-0/DEBUG] [net.minecraftforge.registries.ForgeRegistry/REGISTRIES]: Registry minecraft:worldgen/block_state_provider_type Sync: FROZEN -> ACTIVE
[186月2026 11:07:12.913] [modloading-worker-0/DEBUG] [net.minecraftforge.registries.ForgeRegistry/REGISTRIES]: Registry minecraft:worldgen/foliage_placer_type Sync: FROZEN -> ACTIVE
[186月2026 11:07:12.913] [modloading-worker-0/DEBUG] [net.minecraftforge.registries.ForgeRegistry/REGISTRIES]: Registry minecraft:worldgen/tree_decorator_type Sync: FROZEN -> ACTIVE
[186月2026 11:07:12.913] [modloading-worker-0/DEBUG] [net.minecraftforge.registries.ForgeRegistry/REGISTRIES]: Registry minecraft:worldgen/biome Sync: FROZEN -> ACTIVE
[186月2026 11:07:12.913] [modloading-worker-0/DEBUG] [net.minecraftforge.registries.ForgeRegistry/REGISTRIES]: Registry forge:entity_data_serializers Sync: FROZEN -> ACTIVE
[186月2026 11:07:12.913] [modloading-worker-0/DEBUG] [net.minecraftforge.registries.ForgeRegistry/REGISTRIES]: Registry forge:global_loot_modifier_serializers Sync: FROZEN -> ACTIVE
[186月2026 11:07:12.913] [modloading-worker-0/DEBUG] [net.minecraftforge.registries.ForgeRegistry/REGISTRIES]: Registry forge:biome_modifier_serializers Sync: FROZEN -> ACTIVE
[186月2026 11:07:12.914] [modloading-worker-0/DEBUG] [net.minecraftforge.registries.ForgeRegistry/REGISTRIES]: Registry forge:fluid_type Sync: FROZEN -> ACTIVE
[186月2026 11:07:12.914] [modloading-worker-0/DEBUG] [net.minecraftforge.registries.ForgeRegistry/REGISTRIES]: Registry forge:structure_modifier_serializers Sync: FROZEN -> ACTIVE
[186月2026 11:07:12.914] [modloading-worker-0/DEBUG] [net.minecraftforge.registries.ForgeRegistry/REGISTRIES]: Registry forge:holder_set_type Sync: FROZEN -> ACTIVE
[186月2026 11:07:12.914] [modloading-worker-0/DEBUG] [net.minecraftforge.registries.ForgeRegistry/REGISTRIES]: Registry forge:display_contexts Sync: FROZEN -> ACTIVE
[186月2026 11:07:13.696] [modloading-worker-0/DEBUG] [net.minecraftforge.registries.GameData/REGISTRIES]: All registries frozen
[186月2026 11:07:13.751] [Render thread/DEBUG] [net.minecraftforge.common.ForgeI18n/CORE]: Loading I18N data entries: 9996
[186月2026 11:07:13.781] [Render thread/WARN] [net.minecraft.client.sounds.SoundEngine/]: Missing sound for event: minecraft:item.goat_horn.play
[186月2026 11:07:13.782] [Render thread/WARN] [net.minecraft.client.sounds.SoundEngine/]: Missing sound for event: minecraft:entity.goat.screaming.horn_break
[186月2026 11:07:13.857] [Render thread/INFO] [com.mojang.blaze3d.audio.Library/]: OpenAL initialized on device OpenAL Soft on SteelSeries Sonar - Gaming (SteelSeries Sonar Virtual Audio Device)
[186月2026 11:07:13.858] [Render thread/INFO] [net.minecraft.client.sounds.SoundEngine/SOUNDS]: Sound engine started
[186月2026 11:07:13.945] [Render thread/INFO] [net.minecraft.client.renderer.texture.TextureAtlas/]: Created: 1024x512x4 minecraft:textures/atlas/blocks.png-atlas
[186月2026 11:07:13.950] [Render thread/INFO] [net.minecraft.client.renderer.texture.TextureAtlas/]: Created: 256x256x4 minecraft:textures/atlas/signs.png-atlas
[186月2026 11:07:13.952] [Render thread/INFO] [net.minecraft.client.renderer.texture.TextureAtlas/]: Created: 512x512x4 minecraft:textures/atlas/shield_patterns.png-atlas
[186月2026 11:07:13.952] [Render thread/INFO] [net.minecraft.client.renderer.texture.TextureAtlas/]: Created: 512x512x4 minecraft:textures/atlas/banner_patterns.png-atlas
[186月2026 11:07:13.953] [Render thread/INFO] [net.minecraft.client.renderer.texture.TextureAtlas/]: Created: 1024x1024x4 minecraft:textures/atlas/armor_trims.png-atlas
[186月2026 11:07:13.953] [Render thread/INFO] [net.minecraft.client.renderer.texture.TextureAtlas/]: Created: 128x64x4 minecraft:textures/atlas/decorated_pot.png-atlas
[186月2026 11:07:13.957] [Render thread/INFO] [net.minecraft.client.renderer.texture.TextureAtlas/]: Created: 256x256x4 minecraft:textures/atlas/chest.png-atlas
[186月2026 11:07:13.957] [Render thread/INFO] [net.minecraft.client.renderer.texture.TextureAtlas/]: Created: 512x256x4 minecraft:textures/atlas/shulker_boxes.png-atlas
[186月2026 11:07:13.957] [Render thread/INFO] [net.minecraft.client.renderer.texture.TextureAtlas/]: Created: 512x256x4 minecraft:textures/atlas/beds.png-atlas
[186月2026 11:07:13.961] [Render thread/DEBUG] [mixin/]: Mixing MixinLlamaEntityModel from xaerohud.mixins.json into net.minecraft.client.model.LlamaModel
[186月2026 11:07:14.036] [Render thread/DEBUG] [mixin/]: Mixing MixinDragonEntityModel from xaerohud.mixins.json into net.minecraft.client.renderer.entity.EnderDragonRenderer$DragonModel
[186月2026 11:07:14.079] [Render thread/WARN] [net.minecraft.client.renderer.ShaderInstance/]: Shader rendertype_entity_translucent_emissive could not find sampler named Sampler2 in the specified shader program.
[186月2026 11:07:14.160] [Render thread/INFO] [net.minecraft.client.renderer.texture.TextureAtlas/]: Created: 256x256x0 minecraft:textures/atlas/particles.png-atlas
[186月2026 11:07:14.162] [Render thread/INFO] [net.minecraft.client.renderer.texture.TextureAtlas/]: Created: 256x256x0 minecraft:textures/atlas/paintings.png-atlas
[186月2026 11:07:14.162] [Render thread/INFO] [net.minecraft.client.renderer.texture.TextureAtlas/]: Created: 256x128x0 minecraft:textures/atlas/mob_effects.png-atlas
[186月2026 11:07:14.171] [Render thread/INFO] [xaero.lib.XaeroLib/]: Successfully reloaded the XaeroLib shaders!
[186月2026 11:07:14.850] [Realms Notification Availability checker #1/INFO] [com.mojang.realmsclient.client.RealmsClient/]: Could not authorize you against Realms server: java.lang.RuntimeException: Failed to parse into SignedJWT: 0
[186月2026 11:07:19.356] [Render thread/DEBUG] [mixin/]: Mixing MixinEditBox from customnpcs.mixins.json into net.minecraft.client.gui.components.EditBox
[186月2026 11:07:19.365] [Render thread/DEBUG] [mixin/]: Mixing MixinAbstractSelectionList from xaerohud.mixins.json into net.minecraft.client.gui.components.AbstractSelectionList
[186月2026 11:07:20.169] [Render thread/DEBUG] [mixin/]: Mixing MixinLevelStorageAccess from xaerohud.mixins.json into net.minecraft.world.level.storage.LevelStorageSource$LevelStorageAccess
[186月2026 11:07:20.195] [Render thread/INFO] [net.minecraftforge.registries.GameData/REGISTRIES]: Injecting existing registry data into this CLIENT instance
[186月2026 11:07:20.209] [Render thread/DEBUG] [net.minecraftforge.registries.ForgeRegistry/REGISTRIES]: Registry minecraft:mob_effect: Fixed minecraft:mob_effect id mismatch xaerominimap:no_cave_maps: 39 (init) -> 43 (map).
[186月2026 11:07:20.210] [Render thread/DEBUG] [net.minecraftforge.registries.ForgeRegistry/REGISTRIES]: Registry minecraft:mob_effect: Fixed minecraft:mob_effect id mismatch xaerominimap:no_cave_maps_harmful: 40 (init) -> 44 (map).
[186月2026 11:07:20.210] [Render thread/DEBUG] [net.minecraftforge.registries.ForgeRegistry/REGISTRIES]: Registry minecraft:mob_effect: Fixed minecraft:mob_effect id mismatch xaerominimap:no_entity_radar: 35 (init) -> 39 (map).
[186月2026 11:07:20.210] [Render thread/DEBUG] [net.minecraftforge.registries.ForgeRegistry/REGISTRIES]: Registry minecraft:mob_effect: Fixed minecraft:mob_effect id mismatch xaerominimap:no_entity_radar_harmful: 36 (init) -> 40 (map).
[186月2026 11:07:20.210] [Render thread/DEBUG] [net.minecraftforge.registries.ForgeRegistry/REGISTRIES]: Registry minecraft:mob_effect: Fixed minecraft:mob_effect id mismatch xaerominimap:no_minimap: 0 (init) -> 37 (map).
[186月2026 11:07:20.210] [Render thread/DEBUG] [net.minecraftforge.registries.ForgeRegistry/REGISTRIES]: Registry minecraft:mob_effect: Fixed minecraft:mob_effect id mismatch xaerominimap:no_minimap_harmful: 34 (init) -> 38 (map).
[186月2026 11:07:20.210] [Render thread/DEBUG] [net.minecraftforge.registries.ForgeRegistry/REGISTRIES]: Registry minecraft:mob_effect: Fixed minecraft:mob_effect id mismatch xaerominimap:no_waypoints: 37 (init) -> 41 (map).
[186月2026 11:07:20.210] [Render thread/DEBUG] [net.minecraftforge.registries.ForgeRegistry/REGISTRIES]: Registry minecraft:mob_effect: Fixed minecraft:mob_effect id mismatch xaerominimap:no_waypoints_harmful: 38 (init) -> 42 (map).
[186月2026 11:07:20.223] [Render thread/DEBUG] [net.minecraftforge.registries.ForgeRegistry/REGISTRIES]: Registry minecraft:block Sync: ACTIVE -> STAGING
[186月2026 11:07:20.226] [Render thread/DEBUG] [net.minecraftforge.registries.ForgeRegistry/REGISTRIES]: Registry minecraft:fluid Sync: ACTIVE -> STAGING
[186月2026 11:07:20.226] [Render thread/DEBUG] [net.minecraftforge.registries.ForgeRegistry/REGISTRIES]: Registry minecraft:item Sync: ACTIVE -> STAGING
[186月2026 11:07:20.227] [Render thread/DEBUG] [net.minecraftforge.registries.ForgeRegistry/REGISTRIES]: Registry minecraft:mob_effect Sync: ACTIVE -> STAGING
[186月2026 11:07:20.227] [Render thread/DEBUG] [net.minecraftforge.registries.ForgeRegistry/REGISTRIES]: Registry minecraft:sound_event Sync: ACTIVE -> STAGING
[186月2026 11:07:20.230] [Render thread/DEBUG] [net.minecraftforge.registries.ForgeRegistry/REGISTRIES]: Registry minecraft:potion Sync: ACTIVE -> STAGING
[186月2026 11:07:20.230] [Render thread/DEBUG] [net.minecraftforge.registries.ForgeRegistry/REGISTRIES]: Registry minecraft:enchantment Sync: ACTIVE -> STAGING
[186月2026 11:07:20.230] [Render thread/DEBUG] [net.minecraftforge.registries.ForgeRegistry/REGISTRIES]: Registry minecraft:entity_type Sync: ACTIVE -> STAGING
[186月2026 11:07:20.230] [Render thread/DEBUG] [net.minecraftforge.registries.ForgeRegistry/REGISTRIES]: Registry minecraft:block_entity_type Sync: ACTIVE -> STAGING
[186月2026 11:07:20.232] [Render thread/DEBUG] [net.minecraftforge.registries.ForgeRegistry/REGISTRIES]: Registry minecraft:particle_type Sync: ACTIVE -> STAGING
[186月2026 11:07:20.232] [Render thread/DEBUG] [net.minecraftforge.registries.ForgeRegistry/REGISTRIES]: Registry minecraft:menu Sync: ACTIVE -> STAGING
[186月2026 11:07:20.232] [Render thread/DEBUG] [net.minecraftforge.registries.ForgeRegistry/REGISTRIES]: Registry minecraft:painting_variant Sync: ACTIVE -> STAGING
[186月2026 11:07:20.232] [Render thread/DEBUG] [net.minecraftforge.registries.ForgeRegistry/REGISTRIES]: Registry minecraft:recipe_type Sync: ACTIVE -> STAGING
[186月2026 11:07:20.232] [Render thread/DEBUG] [net.minecraftforge.registries.ForgeRegistry/REGISTRIES]: Registry minecraft:recipe_serializer Sync: ACTIVE -> STAGING
[186月2026 11:07:20.232] [Render thread/DEBUG] [net.minecraftforge.registries.ForgeRegistry/REGISTRIES]: Registry minecraft:attribute Sync: ACTIVE -> STAGING
[186月2026 11:07:20.232] [Render thread/DEBUG] [net.minecraftforge.registries.ForgeRegistry/REGISTRIES]: Registry minecraft:stat_type Sync: ACTIVE -> STAGING
[186月2026 11:07:20.232] [Render thread/DEBUG] [net.minecraftforge.registries.ForgeRegistry/REGISTRIES]: Registry minecraft:command_argument_type Sync: ACTIVE -> STAGING
[186月2026 11:07:20.232] [Render thread/DEBUG] [net.minecraftforge.registries.ForgeRegistry/REGISTRIES]: Registry minecraft:villager_profession Sync: ACTIVE -> STAGING
[186月2026 11:07:20.232] [Render thread/DEBUG] [net.minecraftforge.registries.ForgeRegistry/REGISTRIES]: Registry minecraft:point_of_interest_type Sync: ACTIVE -> STAGING
[186月2026 11:07:20.233] [Render thread/DEBUG] [net.minecraftforge.registries.ForgeRegistry/REGISTRIES]: Registry minecraft:memory_module_type Sync: ACTIVE -> STAGING
[186月2026 11:07:20.233] [Render thread/DEBUG] [net.minecraftforge.registries.ForgeRegistry/REGISTRIES]: Registry minecraft:sensor_type Sync: ACTIVE -> STAGING
[186月2026 11:07:20.233] [Render thread/DEBUG] [net.minecraftforge.registries.ForgeRegistry/REGISTRIES]: Registry minecraft:schedule Sync: ACTIVE -> STAGING
[186月2026 11:07:20.233] [Render thread/DEBUG] [net.minecraftforge.registries.ForgeRegistry/REGISTRIES]: Registry minecraft:activity Sync: ACTIVE -> STAGING
[186月2026 11:07:20.233] [Render thread/DEBUG] [net.minecraftforge.registries.ForgeRegistry/REGISTRIES]: Registry minecraft:worldgen/carver Sync: ACTIVE -> STAGING
[186月2026 11:07:20.233] [Render thread/DEBUG] [net.minecraftforge.registries.ForgeRegistry/REGISTRIES]: Registry minecraft:worldgen/feature Sync: ACTIVE -> STAGING
[186月2026 11:07:20.233] [Render thread/DEBUG] [net.minecraftforge.registries.ForgeRegistry/REGISTRIES]: Registry minecraft:chunk_status Sync: ACTIVE -> STAGING
[186月2026 11:07:20.233] [Render thread/DEBUG] [net.minecraftforge.registries.ForgeRegistry/REGISTRIES]: Registry minecraft:worldgen/block_state_provider_type Sync: ACTIVE -> STAGING
[186月2026 11:07:20.233] [Render thread/DEBUG] [net.minecraftforge.registries.ForgeRegistry/REGISTRIES]: Registry minecraft:worldgen/foliage_placer_type Sync: ACTIVE -> STAGING
[186月2026 11:07:20.234] [Render thread/DEBUG] [net.minecraftforge.registries.ForgeRegistry/REGISTRIES]: Registry minecraft:worldgen/tree_decorator_type Sync: ACTIVE -> STAGING
[186月2026 11:07:20.234] [Render thread/DEBUG] [net.minecraftforge.registries.ForgeRegistry/REGISTRIES]: Registry minecraft:worldgen/biome Sync: ACTIVE -> STAGING
[186月2026 11:07:20.234] [Render thread/DEBUG] [net.minecraftforge.registries.ForgeRegistry/REGISTRIES]: Registry forge:entity_data_serializers Sync: ACTIVE -> STAGING
[186月2026 11:07:20.234] [Render thread/DEBUG] [net.minecraftforge.registries.ForgeRegistry/REGISTRIES]: Registry forge:global_loot_modifier_serializers Sync: ACTIVE -> STAGING
[186月2026 11:07:20.234] [Render thread/DEBUG] [net.minecraftforge.registries.ForgeRegistry/REGISTRIES]: Registry forge:biome_modifier_serializers Sync: ACTIVE -> STAGING
[186月2026 11:07:20.234] [Render thread/DEBUG] [net.minecraftforge.registries.ForgeRegistry/REGISTRIES]: Registry forge:fluid_type Sync: ACTIVE -> STAGING
[186月2026 11:07:20.234] [Render thread/DEBUG] [net.minecraftforge.registries.ForgeRegistry/REGISTRIES]: Registry forge:structure_modifier_serializers Sync: ACTIVE -> STAGING
[186月2026 11:07:20.234] [Render thread/DEBUG] [net.minecraftforge.registries.ForgeRegistry/REGISTRIES]: Registry forge:holder_set_type Sync: ACTIVE -> STAGING
[186月2026 11:07:20.234] [Render thread/DEBUG] [net.minecraftforge.registries.ForgeRegistry/REGISTRIES]: Registry forge:display_contexts Sync: ACTIVE -> STAGING
[186月2026 11:07:20.416] [Render thread/DEBUG] [net.minecraftforge.registries.ObjectHolderRegistry/REGISTRIES]: Applying holder lookups
[186月2026 11:07:20.419] [Render thread/DEBUG] [net.minecraftforge.registries.ObjectHolderRegistry/REGISTRIES]: Holder lookups applied
[186月2026 11:07:20.441] [Render thread/DEBUG] [net.minecraftforge.server.ServerLifecycleHooks/CORE]: Generating PackInfo named mod:xaerolib for mod file 
[186月2026 11:07:20.441] [Render thread/DEBUG] [net.minecraftforge.server.ServerLifecycleHooks/CORE]: Generating PackInfo named mod:customnpcs for mod file C:\Users\w\.gradle\caches\forge_gradle\deobf_dependencies\libs\CustomNPCs-1.20.1-1.20.1.20260227\0_mapped_official_1.20.1\CustomNPCs-1.20.1-1.20.1.20260227-0_mapped_official_1.20.1.jar
[186月2026 11:07:20.441] [Render thread/DEBUG] [net.minecraftforge.server.ServerLifecycleHooks/CORE]: Generating PackInfo named mod:forge for mod file /
[186月2026 11:07:20.441] [Render thread/DEBUG] [net.minecraftforge.server.ServerLifecycleHooks/CORE]: Generating PackInfo named mod:xaerominimap for mod file C:\Users\w\.gradle\caches\forge_gradle\deobf_dependencies\libs\xaerominimap-forge-1.20.1-26.1.0\0_mapped_official_1.20.1\xaerominimap-forge-1.20.1-26.1.0-0_mapped_official_1.20.1.jar
[186月2026 11:07:20.443] [Render thread/DEBUG] [net.minecraftforge.server.ServerLifecycleHooks/CORE]: Generating PackInfo named mod:cnpc_xwm_addon for mod file F:\idea\develops\CNPC-XWM-addon\build\resources\main
[186月2026 11:07:20.993] [Render thread/DEBUG] [net.minecraftforge.coremod.transformer.CoreModBaseTransformer/COREMOD]: Transforming net/minecraft/server/commands/SummonCommand
[186月2026 11:07:21.282] [Worker-Main-17/DEBUG] [net.minecraftforge.coremod.transformer.CoreModBaseTransformer/COREMOD]: Transforming net/minecraft/world/entity/raid/Raid
[186月2026 11:07:21.476] [Render thread/INFO] [net.minecraft.world.item.crafting.RecipeManager/]: Loaded 7 recipes
[186月2026 11:07:21.602] [Render thread/INFO] [net.minecraft.advancements.AdvancementList/]: Loaded 1271 advancements
[186月2026 11:07:21.805] [Render thread/DEBUG] [net.minecraftforge.common.ForgeHooks/WP]: Gathering id map for writing to world save New World
[186月2026 11:07:21.813] [Render thread/DEBUG] [net.minecraftforge.common.ForgeHooks/WP]: ID Map collection complete New World
[186月2026 11:07:21.857] [Server thread/INFO] [net.minecraft.client.server.IntegratedServer/]: Starting integrated minecraft server version 1.20.1
[186月2026 11:07:21.857] [Server thread/INFO] [net.minecraft.server.MinecraftServer/]: Generating keypair
[186月2026 11:07:21.887] [Server thread/DEBUG] [net.minecraftforge.fml.config.ConfigTracker/CONFIG]: Loading configs type SERVER
[186月2026 11:07:21.887] [Server thread/DEBUG] [net.minecraftforge.fml.config.ConfigFileTypeHandler/CONFIG]: Built TOML config for .\saves\New World\serverconfig\forge-server.toml
[186月2026 11:07:21.887] [Server thread/DEBUG] [net.minecraftforge.fml.config.ConfigFileTypeHandler/CONFIG]: Loaded TOML config file .\saves\New World\serverconfig\forge-server.toml
[186月2026 11:07:21.887] [Server thread/DEBUG] [net.minecraftforge.fml.config.ConfigFileTypeHandler/CONFIG]: Watching TOML config file .\saves\New World\serverconfig\forge-server.toml for changes
[186月2026 11:07:21.889] [Server thread/DEBUG] [net.minecraftforge.common.ForgeConfig/FORGEMOD]: Loaded forge config file forge-server.toml
[186月2026 11:07:21.991] [Server thread/DEBUG] [net.minecraftforge.coremod.transformer.CoreModBaseTransformer/COREMOD]: Transforming net/minecraft/world/level/levelgen/PhantomSpawner
[186月2026 11:07:21.994] [Server thread/DEBUG] [net.minecraftforge.coremod.transformer.CoreModBaseTransformer/COREMOD]: Transforming net/minecraft/world/level/levelgen/PatrolSpawner
[186月2026 11:07:21.996] [Server thread/DEBUG] [net.minecraftforge.coremod.transformer.CoreModBaseTransformer/COREMOD]: Transforming net/minecraft/world/entity/npc/CatSpawner
[186月2026 11:07:22.035] [Server thread/DEBUG] [mixin/]: Mixing PersistentEntitySectionManagerMixin from customnpcs.mixins.json into net.minecraft.world.level.entity.PersistentEntitySectionManager
[186月2026 11:07:22.053] [Server thread/DEBUG] [mixin/]: Mixing ChunkMapMixin from customnpcs.mixins.json into net.minecraft.server.level.ChunkMap
[186月2026 11:07:22.174] [Server thread/INFO] [net.minecraft.server.MinecraftServer/]: Preparing start region for dimension minecraft:overworld
[186月2026 11:07:23.164] [Server thread/DEBUG] [net.minecraftforge.coremod.transformer.CoreModBaseTransformer/COREMOD]: Transforming net/minecraft/world/level/levelgen/structure/templatesystem/StructureTemplate
[186月2026 11:07:23.511] [Render thread/INFO] [net.minecraft.server.level.progress.LoggerChunkProgressListener/]: 准备生成区域中：0%
[186月2026 11:07:23.512] [Render thread/INFO] [net.minecraft.server.level.progress.LoggerChunkProgressListener/]: 准备生成区域中：0%
[186月2026 11:07:23.512] [Render thread/INFO] [net.minecraft.server.level.progress.LoggerChunkProgressListener/]: 准备生成区域中：0%
[186月2026 11:07:23.693] [Render thread/INFO] [net.minecraft.server.level.progress.LoggerChunkProgressListener/]: 准备生成区域中：6%
[186月2026 11:07:23.699] [Server thread/DEBUG] [mixin/]: Mixing CapabilityDispatcherMixin from customnpcs.mixins.json into net.minecraftforge.common.capabilities.CapabilityDispatcher
[186月2026 11:07:23.732] [Server thread/DEBUG] [mixin/]: Mixing WalkAnimationStateMixin from customnpcs.mixins.json into net.minecraft.world.entity.WalkAnimationState
[186月2026 11:07:23.765] [Server thread/DEBUG] [mixin/]: Mixing GoalSelectorMixin from customnpcs.mixins.json into net.minecraft.world.entity.ai.goal.GoalSelector
[186月2026 11:07:24.068] [Render thread/INFO] [net.minecraft.server.level.progress.LoggerChunkProgressListener/]: Time elapsed: 1880 ms
[186月2026 11:07:24.069] [Server thread/INFO] [noppes.npcs.CustomNpcs/]: CustomNPC PermissionNode<Boolean>s available:
[186月2026 11:07:24.069] [Server thread/INFO] [noppes.npcs.CustomNpcs/]: customnpcs.admin
[186月2026 11:07:24.069] [Server thread/INFO] [noppes.npcs.CustomNpcs/]: customnpcs.edit.blocks
[186月2026 11:07:24.069] [Server thread/INFO] [noppes.npcs.CustomNpcs/]: customnpcs.edit.villager
[186月2026 11:07:24.069] [Server thread/INFO] [noppes.npcs.CustomNpcs/]: customnpcs.global.bank
[186月2026 11:07:24.069] [Server thread/INFO] [noppes.npcs.CustomNpcs/]: customnpcs.global.dialog
[186月2026 11:07:24.069] [Server thread/INFO] [noppes.npcs.CustomNpcs/]: customnpcs.global.faction
[186月2026 11:07:24.069] [Server thread/INFO] [noppes.npcs.CustomNpcs/]: customnpcs.global.linked
[186月2026 11:07:24.069] [Server thread/INFO] [noppes.npcs.CustomNpcs/]: customnpcs.global.naturalspawn
[186月2026 11:07:24.069] [Server thread/INFO] [noppes.npcs.CustomNpcs/]: customnpcs.global.playerdata
[186月2026 11:07:24.069] [Server thread/INFO] [noppes.npcs.CustomNpcs/]: customnpcs.global.quest
[186月2026 11:07:24.070] [Server thread/INFO] [noppes.npcs.CustomNpcs/]: customnpcs.global.recipe
[186月2026 11:07:24.070] [Server thread/INFO] [noppes.npcs.CustomNpcs/]: customnpcs.global.transport
[186月2026 11:07:24.070] [Server thread/INFO] [noppes.npcs.CustomNpcs/]: customnpcs.npc.advanced
[186月2026 11:07:24.070] [Server thread/INFO] [noppes.npcs.CustomNpcs/]: customnpcs.npc.ai
[186月2026 11:07:24.070] [Server thread/INFO] [noppes.npcs.CustomNpcs/]: customnpcs.npc.clone
[186月2026 11:07:24.070] [Server thread/INFO] [noppes.npcs.CustomNpcs/]: customnpcs.npc.create
[186月2026 11:07:24.070] [Server thread/INFO] [noppes.npcs.CustomNpcs/]: customnpcs.npc.delete
[186月2026 11:07:24.070] [Server thread/INFO] [noppes.npcs.CustomNpcs/]: customnpcs.npc.display
[186月2026 11:07:24.070] [Server thread/INFO] [noppes.npcs.CustomNpcs/]: customnpcs.npc.freeze
[186月2026 11:07:24.070] [Server thread/INFO] [noppes.npcs.CustomNpcs/]: customnpcs.npc.gui
[186月2026 11:07:24.070] [Server thread/INFO] [noppes.npcs.CustomNpcs/]: customnpcs.npc.inventory
[186月2026 11:07:24.070] [Server thread/INFO] [noppes.npcs.CustomNpcs/]: customnpcs.npc.reset
[186月2026 11:07:24.070] [Server thread/INFO] [noppes.npcs.CustomNpcs/]: customnpcs.npc.stats
[186月2026 11:07:24.070] [Server thread/INFO] [noppes.npcs.CustomNpcs/]: customnpcs.scenes
[186月2026 11:07:24.070] [Server thread/INFO] [noppes.npcs.CustomNpcs/]: customnpcs.soulstone.all
[186月2026 11:07:24.070] [Server thread/INFO] [noppes.npcs.CustomNpcs/]: customnpcs.spawner.create
[186月2026 11:07:24.070] [Server thread/INFO] [noppes.npcs.CustomNpcs/]: customnpcs.spawner.mob
[186月2026 11:07:24.070] [Server thread/INFO] [noppes.npcs.CustomNpcs/]: customnpcs.tool.mounter
[186月2026 11:07:24.070] [Server thread/INFO] [noppes.npcs.CustomNpcs/]: customnpcs.tool.nbtbook
[186月2026 11:07:24.070] [Server thread/INFO] [noppes.npcs.CustomNpcs/]: customnpcs.tool.pather
[186月2026 11:07:24.070] [Server thread/INFO] [noppes.npcs.CustomNpcs/]: customnpcs.tool.scripter
[186月2026 11:07:24.070] [Server thread/INFO] [net.minecraftforge.server.permission.PermissionAPI/]: Successfully initialized permission handler forge:default_handler
[186月2026 11:07:24.082] [Server thread/DEBUG] [mixin/]: Mixing PlayerWrapperMixin from cnpc_xwm_addon.mixins.json into noppes.npcs.api.wrapper.PlayerWrapper
[186月2026 11:07:24.083] [Server thread/DEBUG] [mixin/]: cnpc_xwm_addon.mixins.json:PlayerWrapperMixin: Class version 61 required is higher than the class version supported by the current version of Mixin (JAVA_8 supports class version 52)
[186月2026 11:07:24.149] [Server thread/DEBUG] [io.netty.util.internal.InternalThreadLocalMap/]: -Dio.netty.threadLocalMap.stringBuilder.initialSize: 1024
[186月2026 11:07:24.149] [Server thread/DEBUG] [io.netty.util.internal.InternalThreadLocalMap/]: -Dio.netty.threadLocalMap.stringBuilder.maxSize: 4096
[186月2026 11:07:24.169] [Server thread/DEBUG] [mixin/]: Mixing QuestMixin from cnpc_xwm_addon.mixins.json into noppes.npcs.controllers.data.Quest
[186月2026 11:07:24.169] [Server thread/DEBUG] [mixin/]: cnpc_xwm_addon.mixins.json:QuestMixin: Class version 61 required is higher than the class version supported by the current version of Mixin (JAVA_8 supports class version 52)
[186月2026 11:07:24.214] [Server thread/DEBUG] [io.netty.buffer.AbstractByteBuf/]: -Dio.netty.buffer.checkAccessible: true
[186月2026 11:07:24.214] [Server thread/DEBUG] [io.netty.buffer.AbstractByteBuf/]: -Dio.netty.buffer.checkBounds: true
[186月2026 11:07:24.215] [Server thread/DEBUG] [io.netty.util.ResourceLeakDetectorFactory/]: Loaded default ResourceLeakDetector: io.netty.util.ResourceLeakDetector@631f1788
[186月2026 11:07:24.232] [Server thread/DEBUG] [net.minecraftforge.coremod.transformer.CoreModBaseTransformer/COREMOD]: Transforming net/minecraft/world/level/NaturalSpawner
[186月2026 11:07:24.264] [Server thread/INFO] [net.minecraft.client.server.IntegratedServer/]: Changing view distance to 12, from 10
[186月2026 11:07:24.266] [Server thread/INFO] [net.minecraft.client.server.IntegratedServer/]: Changing simulation distance to 12, from 0
[186月2026 11:07:24.297] [Render thread/DEBUG] [io.netty.channel.MultithreadEventLoopGroup/]: -Dio.netty.eventLoopThreads: 40
[186月2026 11:07:24.320] [Render thread/DEBUG] [io.netty.channel.nio.NioEventLoop/]: -Dio.netty.noKeySetOptimization: false
[186月2026 11:07:24.320] [Render thread/DEBUG] [io.netty.channel.nio.NioEventLoop/]: -Dio.netty.selectorAutoRebuildThreshold: 512
[186月2026 11:07:24.330] [Render thread/DEBUG] [io.netty.util.internal.PlatformDependent/]: org.jctools-core.MpscChunkedArrayQueue: available
[186月2026 11:07:24.449] [Render thread/DEBUG] [io.netty.channel.DefaultChannelId/]: -Dio.netty.processId: 51472 (auto-detected)
[186月2026 11:07:24.453] [Render thread/WARN] [io.netty.util.internal.SystemPropertyUtil/]: Unable to parse the boolean system property 'java.net.preferIPv6Addresses':system - using the default value: false
[186月2026 11:07:24.454] [Render thread/DEBUG] [io.netty.util.NetUtil/]: -Djava.net.preferIPv4Stack: false
[186月2026 11:07:24.454] [Render thread/DEBUG] [io.netty.util.NetUtil/]: -Djava.net.preferIPv6Addresses: false
[186月2026 11:07:24.469] [Render thread/DEBUG] [io.netty.util.NetUtilInitializations/]: Loopback interface: lo (Software Loopback Interface 1, 127.0.0.1)
[186月2026 11:07:24.470] [Render thread/DEBUG] [io.netty.util.NetUtil/]: Failed to get SOMAXCONN from sysctl and file \proc\sys\net\core\somaxconn. Default: 200
[186月2026 11:07:24.522] [Render thread/DEBUG] [io.netty.channel.DefaultChannelId/]: -Dio.netty.machineId: d4:d8:53:ff:fe:38:d9:b6 (auto-detected)
[186月2026 11:07:24.543] [Render thread/DEBUG] [io.netty.buffer.PooledByteBufAllocator/]: -Dio.netty.allocator.numHeapArenas: 40
[186月2026 11:07:24.543] [Render thread/DEBUG] [io.netty.buffer.PooledByteBufAllocator/]: -Dio.netty.allocator.numDirectArenas: 40
[186月2026 11:07:24.543] [Render thread/DEBUG] [io.netty.buffer.PooledByteBufAllocator/]: -Dio.netty.allocator.pageSize: 8192
[186月2026 11:07:24.543] [Render thread/DEBUG] [io.netty.buffer.PooledByteBufAllocator/]: -Dio.netty.allocator.maxOrder: 9
[186月2026 11:07:24.543] [Render thread/DEBUG] [io.netty.buffer.PooledByteBufAllocator/]: -Dio.netty.allocator.chunkSize: 4194304
[186月2026 11:07:24.543] [Render thread/DEBUG] [io.netty.buffer.PooledByteBufAllocator/]: -Dio.netty.allocator.smallCacheSize: 256
[186月2026 11:07:24.543] [Render thread/DEBUG] [io.netty.buffer.PooledByteBufAllocator/]: -Dio.netty.allocator.normalCacheSize: 64
[186月2026 11:07:24.543] [Render thread/DEBUG] [io.netty.buffer.PooledByteBufAllocator/]: -Dio.netty.allocator.maxCachedBufferCapacity: 32768
[186月2026 11:07:24.543] [Render thread/DEBUG] [io.netty.buffer.PooledByteBufAllocator/]: -Dio.netty.allocator.cacheTrimInterval: 8192
[186月2026 11:07:24.543] [Render thread/DEBUG] [io.netty.buffer.PooledByteBufAllocator/]: -Dio.netty.allocator.cacheTrimIntervalMillis: 0
[186月2026 11:07:24.543] [Render thread/DEBUG] [io.netty.buffer.PooledByteBufAllocator/]: -Dio.netty.allocator.useCacheForAllThreads: false
[186月2026 11:07:24.543] [Render thread/DEBUG] [io.netty.buffer.PooledByteBufAllocator/]: -Dio.netty.allocator.maxCachedByteBuffersPerChunk: 1023
[186月2026 11:07:24.558] [Render thread/DEBUG] [io.netty.buffer.ByteBufUtil/]: -Dio.netty.allocator.type: pooled
[186月2026 11:07:24.558] [Render thread/DEBUG] [io.netty.buffer.ByteBufUtil/]: -Dio.netty.threadLocalDirectBufferSize: 0
[186月2026 11:07:24.558] [Render thread/DEBUG] [io.netty.buffer.ByteBufUtil/]: -Dio.netty.maxThreadLocalCharBufferSize: 16384
[186月2026 11:07:24.573] [Netty Local Client IO #0/DEBUG] [net.minecraftforge.network.HandshakeHandler/FMLHANDSHAKE]: Starting local connection.
[186月2026 11:07:24.632] [Netty Server IO #1/DEBUG] [mixin/]: Mixing MixinChunkDeltaUpdateS2CPacket from xaerohud.mixins.json into net.minecraft.network.protocol.game.ClientboundSectionBlocksUpdatePacket
[186月2026 11:07:24.768] [Netty Server IO #1/DEBUG] [mixin/]: Mixing CCreativeInventoryActionPacketMixin from customnpcs.mixins.json into net.minecraft.network.protocol.game.ServerboundSetCreativeModeSlotPacket
[186月2026 11:07:24.790] [Netty Local Client IO #0/DEBUG] [io.netty.util.Recycler/]: -Dio.netty.recycler.maxCapacityPerThread: 4096
[186月2026 11:07:24.790] [Netty Local Client IO #0/DEBUG] [io.netty.util.Recycler/]: -Dio.netty.recycler.ratio: 8
[186月2026 11:07:24.790] [Netty Local Client IO #0/DEBUG] [io.netty.util.Recycler/]: -Dio.netty.recycler.chunkSize: 32
[186月2026 11:07:24.790] [Netty Local Client IO #0/DEBUG] [io.netty.util.Recycler/]: -Dio.netty.recycler.blocking: false
[186月2026 11:07:24.813] [Netty Server IO #1/DEBUG] [net.minecraftforge.network.HandshakeHandler/FMLHANDSHAKE]: Starting local connection.
[186月2026 11:07:24.845] [Server thread/DEBUG] [net.minecraftforge.network.HandshakeHandler/FMLHANDSHAKE]: Sending ticking packet info 'net.minecraftforge.network.HandshakeMessages$S2CModData' to 'fml:handshake' sequence 0
[186月2026 11:07:24.856] [Netty Local Client IO #0/DEBUG] [net.minecraftforge.network.LoginWrapper/FMLHANDSHAKE]: Recieved login wrapper packet event for channel fml:handshake with index 0
[186月2026 11:07:24.890] [Server thread/DEBUG] [net.minecraftforge.network.HandshakeHandler/FMLHANDSHAKE]: Sending ticking packet info 'net.minecraftforge.network.HandshakeMessages$S2CModList' to 'fml:handshake' sequence 1
[186月2026 11:07:24.891] [Netty Local Client IO #0/DEBUG] [net.minecraftforge.network.LoginWrapper/FMLHANDSHAKE]: Recieved login wrapper packet event for channel fml:handshake with index 1
[186月2026 11:07:24.893] [Netty Local Client IO #0/DEBUG] [net.minecraftforge.network.HandshakeHandler/FMLHANDSHAKE]: Logging into server with mod list [minecraft, xaerolib, customnpcs, forge, xaerominimap, cnpc_xwm_addon]
[186月2026 11:07:24.896] [Netty Local Client IO #0/DEBUG] [net.minecraftforge.network.NetworkRegistry/NETREGISTRY]: Channel 'fml:loginwrapper' : Version test of 'FML3' from server : ACCEPTED
[186月2026 11:07:24.896] [Netty Local Client IO #0/DEBUG] [net.minecraftforge.network.NetworkRegistry/NETREGISTRY]: Channel 'forge:tier_sorting' : Version test of '1.0' from server : ACCEPTED
[186月2026 11:07:24.896] [Netty Local Client IO #0/DEBUG] [net.minecraftforge.network.NetworkRegistry/NETREGISTRY]: Channel 'fml:handshake' : Version test of 'FML3' from server : ACCEPTED
[186月2026 11:07:24.896] [Netty Local Client IO #0/DEBUG] [net.minecraftforge.network.NetworkRegistry/NETREGISTRY]: Channel 'xaerolib:main' : Version test of '1.0' from server : ACCEPTED
[186月2026 11:07:24.896] [Netty Local Client IO #0/DEBUG] [net.minecraftforge.network.NetworkRegistry/NETREGISTRY]: Channel 'minecraft:unregister' : Version test of 'FML3' from server : ACCEPTED
[186月2026 11:07:24.896] [Netty Local Client IO #0/DEBUG] [net.minecraftforge.network.NetworkRegistry/NETREGISTRY]: Channel 'fml:play' : Version test of 'FML3' from server : ACCEPTED
[186月2026 11:07:24.896] [Netty Local Client IO #0/DEBUG] [net.minecraftforge.network.NetworkRegistry/NETREGISTRY]: Channel 'minecraft:register' : Version test of 'FML3' from server : ACCEPTED
[186月2026 11:07:24.896] [Netty Local Client IO #0/DEBUG] [net.minecraftforge.network.NetworkRegistry/NETREGISTRY]: Channel 'customnpcs:packets' : Version test of 'CNPCS' from server : ACCEPTED
[186月2026 11:07:24.896] [Netty Local Client IO #0/DEBUG] [net.minecraftforge.network.NetworkRegistry/NETREGISTRY]: Channel 'xaerominimap:main' : Version test of '1.0' from server : ACCEPTED
[186月2026 11:07:24.896] [Netty Local Client IO #0/DEBUG] [net.minecraftforge.network.NetworkRegistry/NETREGISTRY]: Channel 'forge:split' : Version test of '1.1' from server : ACCEPTED
[186月2026 11:07:24.898] [Netty Local Client IO #0/DEBUG] [net.minecraftforge.network.NetworkRegistry/NETREGISTRY]: Channel 'cnpc_xwm_addon:main' : Version test of '1.0.0' from server : ACCEPTED
[186月2026 11:07:24.898] [Netty Local Client IO #0/DEBUG] [net.minecraftforge.network.NetworkRegistry/NETREGISTRY]: Accepting channel list from server
[186月2026 11:07:24.899] [Netty Local Client IO #0/DEBUG] [net.minecraftforge.network.LoginWrapper/FMLHANDSHAKE]: Dispatching wrapped packet reply for channel fml:handshake with index 1
[186月2026 11:07:24.899] [Netty Local Client IO #0/DEBUG] [net.minecraftforge.network.HandshakeHandler/FMLHANDSHAKE]: Accepted server connection
[186月2026 11:07:24.900] [Netty Server IO #1/DEBUG] [net.minecraftforge.network.LoginWrapper/FMLHANDSHAKE]: Recieved login wrapper packet event for channel fml:handshake with index 1
[186月2026 11:07:24.900] [Netty Server IO #1/DEBUG] [net.minecraftforge.network.HandshakeHandler/FMLHANDSHAKE]: Received client indexed reply 1 of type net.minecraftforge.network.HandshakeMessages$C2SModListReply
[186月2026 11:07:24.900] [Netty Server IO #1/DEBUG] [net.minecraftforge.network.HandshakeHandler/FMLHANDSHAKE]: Received client connection with modlist [minecraft, xaerolib, customnpcs, forge, xaerominimap, cnpc_xwm_addon]
[186月2026 11:07:24.902] [Netty Local Client IO #0/DEBUG] [net.minecraftforge.network.HandshakeHandler/REGISTRIES]: Expecting 19 registries: [minecraft:command_argument_type, minecraft:recipe_serializer, minecraft:sound_event, minecraft:particle_type, minecraft:villager_profession, minecraft:item, minecraft:potion, minecraft:painting_variant, forge:fluid_type, minecraft:block_entity_type, forge:display_contexts, minecraft:block, forge:entity_data_serializers, minecraft:mob_effect, minecraft:stat_type, minecraft:menu, minecraft:enchantment, minecraft:fluid, minecraft:entity_type]
[186月2026 11:07:24.902] [Netty Server IO #1/DEBUG] [net.minecraftforge.network.NetworkRegistry/NETREGISTRY]: Channel 'fml:loginwrapper' : Version test of 'FML3' from client : ACCEPTED
[186月2026 11:07:24.902] [Netty Server IO #1/DEBUG] [net.minecraftforge.network.NetworkRegistry/NETREGISTRY]: Channel 'forge:tier_sorting' : Version test of '1.0' from client : ACCEPTED
[186月2026 11:07:24.902] [Netty Server IO #1/DEBUG] [net.minecraftforge.network.NetworkRegistry/NETREGISTRY]: Channel 'fml:handshake' : Version test of 'FML3' from client : ACCEPTED
[186月2026 11:07:24.902] [Netty Server IO #1/DEBUG] [net.minecraftforge.network.NetworkRegistry/NETREGISTRY]: Channel 'xaerolib:main' : Version test of '1.0' from client : ACCEPTED
[186月2026 11:07:24.902] [Netty Server IO #1/DEBUG] [net.minecraftforge.network.NetworkRegistry/NETREGISTRY]: Channel 'minecraft:unregister' : Version test of 'FML3' from client : ACCEPTED
[186月2026 11:07:24.902] [Netty Server IO #1/DEBUG] [net.minecraftforge.network.NetworkRegistry/NETREGISTRY]: Channel 'fml:play' : Version test of 'FML3' from client : ACCEPTED
[186月2026 11:07:24.902] [Netty Server IO #1/DEBUG] [net.minecraftforge.network.NetworkRegistry/NETREGISTRY]: Channel 'minecraft:register' : Version test of 'FML3' from client : ACCEPTED
[186月2026 11:07:24.902] [Netty Server IO #1/DEBUG] [net.minecraftforge.network.NetworkRegistry/NETREGISTRY]: Channel 'customnpcs:packets' : Version test of 'CNPCS' from client : ACCEPTED
[186月2026 11:07:24.902] [Netty Server IO #1/DEBUG] [net.minecraftforge.network.NetworkRegistry/NETREGISTRY]: Channel 'xaerominimap:main' : Version test of '1.0' from client : ACCEPTED
[186月2026 11:07:24.902] [Netty Server IO #1/DEBUG] [net.minecraftforge.network.NetworkRegistry/NETREGISTRY]: Channel 'forge:split' : Version test of '1.1' from client : ACCEPTED
[186月2026 11:07:24.902] [Netty Server IO #1/DEBUG] [net.minecraftforge.network.NetworkRegistry/NETREGISTRY]: Channel 'cnpc_xwm_addon:main' : Version test of '1.0.0' from client : ACCEPTED
[186月2026 11:07:24.902] [Netty Server IO #1/DEBUG] [net.minecraftforge.network.NetworkRegistry/NETREGISTRY]: Accepting channel list from client
[186月2026 11:07:24.902] [Netty Server IO #1/DEBUG] [net.minecraftforge.network.HandshakeHandler/FMLHANDSHAKE]: Accepted client connection mod list
[186月2026 11:07:24.951] [Server thread/DEBUG] [net.minecraftforge.network.HandshakeHandler/FMLHANDSHAKE]: Sending ticking packet info 'Config forge-server.toml' to 'fml:handshake' sequence 2
[186月2026 11:07:24.951] [Netty Local Client IO #0/DEBUG] [net.minecraftforge.network.LoginWrapper/FMLHANDSHAKE]: Recieved login wrapper packet event for channel fml:handshake with index 2
[186月2026 11:07:24.951] [Netty Local Client IO #0/DEBUG] [net.minecraftforge.network.HandshakeHandler/FMLHANDSHAKE]: Received config sync from server
[186月2026 11:07:24.952] [Netty Local Client IO #0/DEBUG] [net.minecraftforge.network.LoginWrapper/FMLHANDSHAKE]: Dispatching wrapped packet reply for channel fml:handshake with index 2
[186月2026 11:07:24.952] [Netty Server IO #1/DEBUG] [net.minecraftforge.network.LoginWrapper/FMLHANDSHAKE]: Recieved login wrapper packet event for channel fml:handshake with index 2
[186月2026 11:07:24.952] [Netty Server IO #1/DEBUG] [net.minecraftforge.network.HandshakeHandler/FMLHANDSHAKE]: Received client indexed reply 2 of type net.minecraftforge.network.HandshakeMessages$C2SAcknowledge
[186月2026 11:07:24.952] [Netty Server IO #1/DEBUG] [net.minecraftforge.network.HandshakeHandler/FMLHANDSHAKE]: Received acknowledgement from client
[186月2026 11:07:25.015] [Server thread/DEBUG] [net.minecraftforge.network.HandshakeHandler/FMLHANDSHAKE]: Handshake complete!
[186月2026 11:07:25.041] [Netty Local Client IO #0/INFO] [net.minecraftforge.network.NetworkHooks/]: Connected to a modded server.
[186月2026 11:07:25.086] [Server thread/INFO] [net.minecraft.server.players.PlayerList/]: Dev[local:E:74c3f305] logged in with entity id 20 at (-8.408476120932809, -60.0, 3.126042172980478)
[186月2026 11:07:25.167] [Server thread/INFO] [net.minecraft.server.MinecraftServer/]: Dev加入了游戏
[186月2026 11:07:25.206] [Render thread/INFO] [xaero.hud.minimap.MinimapLogs/]: Minimap required item set to nothing.
[186月2026 11:07:25.206] [Render thread/DEBUG] [xaero.common.HudMod/]: Initialized new session for module xaerominimap:minimap!
[186月2026 11:07:25.206] [Render thread/INFO] [xaero.hud.minimap.MinimapLogs/]: New Xaero hud session initialized!
[186月2026 11:07:25.745] [Render thread/INFO] [xaero.hud.minimap.MinimapLogs/]: Minimap updated server level id: -716197975 for world ResourceKey[minecraft:dimension / minecraft:overworld]
[186月2026 11:07:25.813] [Render thread/INFO] [net.minecraft.advancements.AdvancementList/]: Loaded 30 advancements
[186月2026 11:07:25.946] [Render thread/INFO] [xaero.hud.minimap.MinimapLogs/]: Reloading radar icon resources...
[186月2026 11:07:25.988] [Render thread/INFO] [xaero.hud.minimap.MinimapLogs/]: Reloaded radar icon resources!
[186月2026 11:07:27.227] [Thread-5/INFO] [net.minecraft.client.gui.components.ChatComponent/]: [System] [CHAT] CustomNpcs installed. For more info Click here
[186月2026 11:07:32.966] [Render thread/DEBUG] [mixin/]: Mixing GuiQuestEditMixin from cnpc_xwm_addon.mixins.json into noppes.npcs.client.gui.global.GuiQuestEdit
[186月2026 11:07:32.967] [Render thread/DEBUG] [mixin/]: cnpc_xwm_addon.mixins.json:GuiQuestEditMixin: Class version 61 required is higher than the class version supported by the current version of Mixin (JAVA_8 supports class version 52)
[186月2026 11:07:45.189] [Render thread/INFO] [net.minecraft.client.gui.components.ChatComponent/]: [System] [CHAT] 新任务:New
[186月2026 11:08:02.280] [Server thread/INFO] [net.minecraft.client.server.IntegratedServer/]: Saving and pausing game...
[186月2026 11:08:02.293] [Server thread/INFO] [net.minecraft.server.MinecraftServer/]: Saving chunks for level 'ServerLevel[New World]'/minecraft:overworld
[186月2026 11:08:02.302] [Server thread/INFO] [net.minecraft.server.MinecraftServer/]: Saving chunks for level 'ServerLevel[New World]'/minecraft:the_end
[186月2026 11:08:02.305] [Server thread/INFO] [net.minecraft.server.MinecraftServer/]: Saving chunks for level 'ServerLevel[New World]'/minecraft:the_nether
[186月2026 11:08:02.308] [Server thread/DEBUG] [net.minecraftforge.common.ForgeHooks/WP]: Gathering id map for writing to world save New World
[186月2026 11:08:02.314] [Server thread/DEBUG] [net.minecraftforge.common.ForgeHooks/WP]: ID Map collection complete New World
[186月2026 11:08:05.980] [Server thread/INFO] [net.minecraft.client.server.IntegratedServer/]: Saving and pausing game...
[186月2026 11:08:05.989] [Server thread/INFO] [net.minecraft.server.MinecraftServer/]: Saving chunks for level 'ServerLevel[New World]'/minecraft:overworld
[186月2026 11:08:05.993] [Server thread/INFO] [net.minecraft.server.MinecraftServer/]: Saving chunks for level 'ServerLevel[New World]'/minecraft:the_end
[186月2026 11:08:05.994] [Server thread/INFO] [net.minecraft.server.MinecraftServer/]: Saving chunks for level 'ServerLevel[New World]'/minecraft:the_nether
[186月2026 11:08:05.996] [Server thread/DEBUG] [net.minecraftforge.common.ForgeHooks/WP]: Gathering id map for writing to world save New World
[186月2026 11:08:05.998] [Server thread/DEBUG] [net.minecraftforge.common.ForgeHooks/WP]: ID Map collection complete New World
[186月2026 11:08:09.622] [Render thread/INFO] [net.minecraft.client.gui.components.ChatComponent/]: [System] [CHAT] 新任务:New
[186月2026 11:08:15.181] [Server thread/INFO] [net.minecraft.client.server.IntegratedServer/]: Saving and pausing game...
[186月2026 11:08:15.190] [Server thread/INFO] [net.minecraft.server.MinecraftServer/]: Saving chunks for level 'ServerLevel[New World]'/minecraft:overworld
[186月2026 11:08:15.195] [Server thread/INFO] [net.minecraft.server.MinecraftServer/]: Saving chunks for level 'ServerLevel[New World]'/minecraft:the_end
[186月2026 11:08:15.195] [Server thread/INFO] [net.minecraft.server.MinecraftServer/]: Saving chunks for level 'ServerLevel[New World]'/minecraft:the_nether
[186月2026 11:08:15.197] [Server thread/DEBUG] [net.minecraftforge.common.ForgeHooks/WP]: Gathering id map for writing to world save New World
[186月2026 11:08:15.200] [Server thread/DEBUG] [net.minecraftforge.common.ForgeHooks/WP]: ID Map collection complete New World
[186月2026 11:08:24.724] [Render thread/INFO] [net.minecraft.client.gui.components.ChatComponent/]: [System] [CHAT] 新任务:New
[186月2026 11:10:58.381] [Render thread/INFO] [net.minecraft.client.gui.components.ChatComponent/]: [System] [CHAT] false
[186月2026 11:10:58.384] [Render thread/INFO] [net.minecraft.client.gui.components.ChatComponent/]: [System] [CHAT] 猪: Hello Dev
[186月2026 11:10:59.270] [Render thread/INFO] [net.minecraft.client.gui.components.ChatComponent/]: [System] [CHAT] false
[186月2026 11:10:59.270] [Render thread/INFO] [net.minecraft.client.gui.components.ChatComponent/]: [System] [CHAT] 猪: Hello Dev
[186月2026 11:11:02.026] [Render thread/DEBUG] [io.netty.util.internal.ThreadLocalRandom/]: -Dio.netty.initialSeedUniquifier: 0x18ee02b5adfc9bb5
[186月2026 11:11:02.089] [Render thread/DEBUG] [mixin/]: Mixing ClientTextTooltipMixin from customnpcs.mixins.json into net.minecraft.client.gui.screens.inventory.tooltip.ClientTextTooltip
[186月2026 11:11:06.121] [Render thread/INFO] [net.minecraft.client.gui.components.ChatComponent/]: [System] [CHAT] 新任务:New
[186月2026 11:11:11.926] [Render thread/INFO] [net.minecraft.client.gui.components.ChatComponent/]: [System] [CHAT] 新任务:New
[186月2026 11:11:24.626] [Render thread/INFO] [net.minecraft.client.gui.components.ChatComponent/]: [System] [CHAT] 新任务:New
[186月2026 11:11:27.870] [Render thread/INFO] [net.minecraft.client.gui.components.ChatComponent/]: [System] [CHAT] true
[186月2026 11:11:27.870] [Render thread/INFO] [net.minecraft.client.gui.components.ChatComponent/]: [System] [CHAT] 猪: Hello Dev
[186月2026 11:11:28.824] [Render thread/INFO] [net.minecraft.client.gui.components.ChatComponent/]: [System] [CHAT] true
[186月2026 11:11:28.825] [Render thread/INFO] [net.minecraft.client.gui.components.ChatComponent/]: [System] [CHAT] 猪: Hello Dev
[186月2026 11:11:36.881] [Server thread/INFO] [net.minecraft.client.server.IntegratedServer/]: Saving and pausing game...
[186月2026 11:11:36.889] [Server thread/INFO] [net.minecraft.server.MinecraftServer/]: Saving chunks for level 'ServerLevel[New World]'/minecraft:overworld
[186月2026 11:11:36.894] [Server thread/INFO] [net.minecraft.server.MinecraftServer/]: Saving chunks for level 'ServerLevel[New World]'/minecraft:the_end
[186月2026 11:11:36.896] [Server thread/INFO] [net.minecraft.server.MinecraftServer/]: Saving chunks for level 'ServerLevel[New World]'/minecraft:the_nether
[186月2026 11:11:36.899] [Server thread/DEBUG] [net.minecraftforge.common.ForgeHooks/WP]: Gathering id map for writing to world save New World
[186月2026 11:11:36.902] [Server thread/DEBUG] [net.minecraftforge.common.ForgeHooks/WP]: ID Map collection complete New World
